qid,leader,ccode,iso3,country,start_year,end_year,theta,theta_se
Q184945,Banda,553,MWI,Malawi,1964,1994,2.414676497475757,0.6069232625548012
Q82918,Niyazov,701,TKM,Turkmenistan,1990,2006,2.2801081426040826,0.5905307101182512
Q202155,Sankara,439,BFA,Burkina Faso,1983,1987,2.264710411320055,0.588590033296796
Q164535,Mobutu,490,COD,Congo-Kinshasa,1965,1997,2.1248726973513516,0.5702994007983909
Q1109,Kim Il-sung,731,PRK,North Korea,1948,1994,2.120206449173475,0.5877972063118972
Q19878,Qaddafi,620,LBY,Libya,1969,2011,2.027341658126115,0.5567871150484293
Q5765,Kim Jong-il,731,PRK,North Korea,1994,2011,2.0077520516060425,0.5695482520678625
Q373628,Ramat Mohammed,475,NGA,Nigeria,1975,1976,1.9914823683996563,0.5516546389858212
Q39464,Pol Pot,811,KHM,Cambodia,1975,1979,1.9428943109376535,0.5445560350323988
Q1316,Saddam Hussein,645,IRQ,Iraq,1979,2003,1.9280322863663073,0.5423513118357268
Q16220,Francois Duvalier,41,HTI,Haiti,1957,1971,1.866554001070561,0.5332729842741372
Q57583,Hafez al-Assad,652,SYR,Syria,1971,2000,1.866554001070561,0.5332729842741372
Q44819,Suharto,850,IDN,Indonesia,1966,1998,1.858329583150855,0.5318014964748181
Q4534,Stalin,365,RUS,Russia,1946,1953,1.8053538343104603,0.5237506487664882
Q58422,Hoxha,339,ALB,Albania,1946,1985,1.8053538343104603,0.5237506487664882
Q57385,Nguema Mbasogo,411,GIN,Guinea,1979,2015,1.7883624992816973,0.5208660213236438
Q296054,Gottwald,315,CZE,Czechoslovakia,1948,1953,1.7776769361810847,0.5191659007010494
Q192927,Trujillo,42,DOM,Dominican Republic,1946,1961,1.7736366466830387,0.518712792522235
Q4076,Brezhnev,365,RUS,Russia,1964,1982,1.7736366466830387,0.518712792522235
Q28517,Zhivkov,355,BGR,Bulgaria,1956,1989,1.7659235337345067,0.5172868381650566
Q299559,Taraki,700,AFG,Afghanistan,1978,1979,1.7659235337345067,0.5172868381650566
Q44329,Bashar al-Assad,652,SYR,Syria,2000,2015,1.7443588132850854,0.5138148094955041
Q56226,Kim Jong Un,731,PRK,North Korea,2011,2015,1.736886994848842,0.5226795019398939
Q155074,Georgi Dimitrov,355,BGR,Bulgaria,1946,1949,1.7196829072305968,0.5098037229709487
Q63831,Amin,700,AFG,Afghanistan,1979,1979,1.665457683654466,0.5008511333798478
Q47272,Khrushchev,365,RUS,Russia,1953,1964,1.665249812392173,0.5009892443356789
Q209828,Siad Barre,520,SOM,Somalia,1969,1991,1.6452424917475648,0.497467000180163
Q161184,Meles Zenawi,530,ETH,Ethiopia,1991,2012,1.6364561417637078,0.4959885620735491
Q315522,Ne Win,775,MMR,Myanmar,1962,1988,1.632374108085202,0.4953001708239976
Q310247,Sardar Mohammad Daud Khan,700,AFG,Afghanistan,1953,1963,1.6110750876518214,0.4916929628867314
Q439990,Thanon Kittakachorn,800,THA,Thailand,1963,1973,1.5321149090287993,0.47811352986075006
Q975621,Sarit,800,THA,Thailand,1958,1963,1.5321149090287993,0.47811352986075006
Q57788,Hun Sen,811,KHM,Cambodia,1997,2015,1.525574620968213,0.47697563113990565
Q381817,Ranariddh,811,KHM,Cambodia,1993,1997,1.5156539699792189,0.47524621801398925
Q57356,Jammeh,420,GMB,Gambia,1994,2015,1.4974518484002608,0.4720630797788017
Q181665,Neto,540,AGO,Angola,1975,1979,1.4853618230918306,0.46994209771276274
Q314691,Boudiaf,615,DZA,Algeria,1992,1992,1.4669380476498017,0.4667006277844027
Q354695,Gowon,475,NGA,Nigeria,1966,1975,1.4669380476498017,0.4667006277844027
Q401076,Abdallah,581,UNK,COW-581,1975,1975,1.4652979678378164,0.47260115778020967
Q468224,Castillo Armas,90,GTM,Guatemala,1954,1957,1.4651630496952202,0.46638778212633847
Q168751,Mengistu,530,ETH,Ethiopia,1977,1991,1.4459683118660769,0.46313656185790547
Q293385,Mejia Victores,90,GTM,Guatemala,1983,1986,1.4400109686620017,0.46194542801863087
Q466098,Lidia Gueiler Tejada,145,BOL,Bolivia,1979,1980,1.4400109686620017,0.46194542801863087
Q470500,Namphy,41,HTI,Haiti,1986,1988,1.4400109686620017,0.46194542801863087
Q628530,Frutos,150,PRY,Paraguay,1948,1948,1.4400109686620017,0.46194542801863087
Q718245,Beavogui,438,GIN,Guinea,1984,1984,1.4400109686620017,0.46194542801863087
Q879116,Peralta Azurdia,90,GTM,Guatemala,1963,1966,1.4400109686620017,0.46194542801863087
Q880335,Paz Garcia,91,HND,Honduras,1978,1982,1.4400109686620017,0.46194542801863087
Q888255,Molas Lopez,150,PRY,Paraguay,1949,1949,1.4400109686620017,0.46194542801863087
Q313400,Lon Nol,811,KHM,Cambodia,1970,1975,1.424642912765472,0.4592236778896902
Q379197,Heng Samrin,811,KHM,Cambodia,1979,1985,1.424642912765472,0.4592236778896902
Q2566177,Pereda Asbun,145,BOL,Bolivia,1978,1978,1.408659587334923,0.5057780420526208
Q191375,Sheikh Mujib Rahman,771,BGD,Bangladesh,1972,1975,1.4018754541460154,0.45518344421846746
Q643348,Ben Ali Bourguiba,616,TUN,Tunisia,1957,1987,1.3986210815133588,0.4546053123680397
Q152534,Stroessner,150,PRY,Paraguay,1954,1989,1.3716881970129549,0.44981684684630857
Q887812,Momoh,451,SLE,Sierra Leone,1985,1992,1.3541155933386801,0.44669072046333785
Q152777,Plaek Pibulsongkram,800,THA,Thailand,1947,1957,1.3354589663987078,0.443372440971064
Q7747,Putin,365,RUS,Russia,2000,2015,1.3349531220834623,0.44328250114688905
Q127442,Chernenko,365,RUS,Russia,1984,1985,1.3055130935921344,0.43805328091822493
Q218443,Anastasio Somoza Debayle,93,NIC,Nicaragua,1967,1979,1.3055130935921344,0.43805328091822493
Q312622,Anastasio Somoza Garcia,93,NIC,Nicaragua,1947,1956,1.3055130935921344,0.43805328091822493
Q529610,Luis Somoza Debayle,93,NIC,Nicaragua,1956,1963,1.3055130935921344,0.43805328091822493
Q262589,Gebre Kidan,530,ETH,Ethiopia,1991,1991,1.2888441642544137,0.43509930251325246
Q298718,Ahidjo,471,CMR,Cameroon,1960,1982,1.2888441642544137,0.43509930251325246
Q307494,Salem Aref,645,IRQ,Iraq,1963,1966,1.2853375280072914,0.4832084741205759
Q880056,Castro,91,HND,Honduras,1975,1978,1.2853375280072914,0.4832084741205759
Q38823,Ayatollah Khomeini,630,IRN,Iran,1979,1989,1.2792357906218843,0.433399699765684
Q314812,Jean-Claude Duvalier,41,HTI,Haiti,1971,1986,1.2787114166353495,0.4334209790485939
Q204487,Zine Al-Abidine Ben Ali,616,TUN,Tunisia,1987,2011,1.273579936507601,0.4324005086252199
Q886540,Siles Salinas,145,BOL,Bolivia,1969,1969,1.273579936507601,0.4324005086252199
Q10707,Mugabe,552,ZWE,Zimbabwe,1980,2015,1.2729661846970168,0.43229214054307913
Q198313,Ziaur Rahman,771,BGD,Bangladesh,1975,1981,1.2688190032552946,0.4315602107107702
Q2628,Ulbricht,265,DEU,Germany,1950,1971,1.2556184124066165,0.42923450690364856
Q361567,Buhari,475,NGA,Nigeria,1983,1985,1.2384467417793892,0.4262196961351132
Q57336,Khamenei,630,IRN,Iran,1989,1989,1.2253160515453483,0.4239236788035698
Q160318,Sihanouk,811,KHM,Cambodia,1953,1970,1.2246066142585175,0.42379988088652537
Q188667,Burhanuddin Rabbani,700,AFG,Afghanistan,1992,1996,1.2123501744286356,0.4216655428228757
Q2607,Honecker,265,DEU,Germany,1971,1989,1.2123501744286356,0.4216655428228757
Q293391,Mendoza Azurdia,90,GTM,Guatemala,1957,1957,1.2123501744286356,0.4216655428228757
Q314688,Benjedid,615,DZA,Algeria,1979,1992,1.2123501744286356,0.4216655428228757
Q452024,Yusuf Lule,500,UGA,Uganda,1979,1979,1.2123501744286356,0.4216655428228757
Q515657,Stevens,451,SLE,Sierra Leone,1968,1985,1.2123501744286356,0.4216655428228757
Q548636,Oueddei,483,TCD,Chad,1979,1982,1.2123501744286356,0.4216655428228757
Q561303,Grunitzky,461,TGO,Togo,1963,1967,1.2123501744286356,0.4216655428228757
Q57390,Guelleh,522,DJI,Djibouti,1999,2015,1.2123501744286356,0.4216655428228757
Q605467,Kebreau,41,HTI,Haiti,1957,1957,1.2123501744286356,0.4216655428228757
Q63827,Karmal,700,AFG,Afghanistan,1979,1986,1.2123501744286356,0.4216655428228757
Q69612964,Tsedenbal,712,MNG,Mongolia,1952,1984,1.2123501744286356,0.4216655428228757
Q714042,Seni Pramoj,800,THA,Thailand,1975,1975,1.2123501744286356,0.4216655428228757
Q74861,Thanin Kraivichien,800,THA,Thailand,1976,1977,1.2123501744286356,0.4216655428228757
Q879311,Mendez Montenegro,90,GTM,Guatemala,1966,1970,1.2123501744286356,0.4216655428228757
Q881015,Gonzalez Lopez,90,GTM,Guatemala,1957,1957,1.2123501744286356,0.4216655428228757
Q886490,Natusch Busch,145,BOL,Bolivia,1979,1979,1.2123501744286356,0.4216655428228757
Q887011,Laugerud Garcia,90,GTM,Guatemala,1974,1978,1.2123501744286356,0.4216655428228757
Q887685,Arana Osorio,90,GTM,Guatemala,1970,1974,1.2123501744286356,0.4216655428228757
Q888703,Guerrero Gutierrez,93,NIC,Nicaragua,1966,1967,1.2123501744286356,0.4216655428228757
Q888818,Fignole,41,HTI,Haiti,1957,1957,1.2123501744286356,0.4216655428228757
Q982335,Pote Sarasin,800,THA,Thailand,1957,1957,1.2123501744286356,0.4216655428228757
Q469498,Souvanna Phouma,812,LAO,Laos,1964,1975,1.1646067562274471,0.4167991792242033
Q294430,Castello Branco,140,BRA,Brazil,1964,1967,1.1571570929619488,0.4121790474430688
Q191543,Bokassa,482,CAF,Central African Republic,1966,1979,1.1455583236940825,0.4103146035187575
Q202553,Than Shwe,775,MMR,Myanmar,1992,2011,1.1437963624101535,0.4099197880257216
Q8620,Nkrumah,452,GHA,Ghana,1952,1966,1.1296758114625738,0.40755073811421116
Q368,Pinochet,155,CHL,Chile,1973,1990,1.1280692858189607,0.40728249398991484
Q30487,Gorbachev,365,RUS,Russia,1985,1991,1.124513719964486,0.40668978570859
Q2108126,Prayuth Chan-ocha,800,THA,Thailand,2014,2015,1.1216043610227018,0.40620580852581095
Q586850,Maung Maung,775,MMR,Myanmar,1988,1988,1.1044568846562064,0.4492784064772956
Q202006,Obasanjo,475,NGA,Nigeria,1999,2007,1.0946570288693702,0.4017689518160801
Q310855,Boumedienne,615,DZA,Algeria,1965,1978,1.0930097525918947,0.401500567531815
Q58132,Maduro,101,VEN,Venezuela,2012,2015,1.0922151094284325,0.4013712223062859
Q269039,Banzer Suarez,145,BOL,Bolivia,1971,1978,1.0886280121715541,0.4007883506199437
Q15850,Oleksandr Turchynov,369,UKR,Ukraine,2014,2014,1.0810408381613161,0.39956103283480693
Q58077,Petro Poroshenko,369,UKR,Ukraine,2014,2015,1.0810408381613161,0.39956103283480693
Q5621,Idi Amin,500,UGA,Uganda,1971,1979,1.078926586885457,0.39931114198769724
Q210069,Obote,500,UGA,Uganda,1962,1971,1.074658866046489,0.3985346556873332
Q51002,Rawlings,452,GHA,Ghana,1981,2001,1.074658866046489,0.3985346556873332
Q2196351,Boun Oum,812,LAO,Laos,1960,1962,1.0740325389939955,0.4011978474301297
Q69103,Hassan II,600,MAR,Morocco,1961,1999,1.068403141662755,0.3975340632261232
Q294618,Doe,450,LBR,Liberia,1980,1990,1.0618386443168804,0.3964900955680353
Q336297,Kabbah,451,SLE,Sierra Leone,1998,2007,1.0618386443168804,0.3964900955680353
Q218435,Gamsakhurdia,372,GEO,Georgia,1991,1992,1.0615993626456641,0.39645216070575134
Q76127,Sukarno,850,IDN,Indonesia,1949,1966,1.0546701018078348,0.395357317691894
Q100280563,Traore,432,MLI,Mali,1968,1991,1.054655894856284,0.39535508037529005
Q282359,Micombero,516,BDI,Burundi,1966,1976,1.054655894856284,0.39535508037529005
Q294241,Geisel,140,BRA,Brazil,1974,1979,1.054655894856284,0.39535508037529005
Q310860,Dacko,482,CAF,Central African Republic,1960,1966,1.054655894856284,0.39535508037529005
Q314271,Dadis Camara,438,GIN,Guinea,2008,2009,1.054655894856284,0.39535508037529005
Q323086,Sompare,438,GIN,Guinea,2008,2008,1.054655894856284,0.39535508037529005
Q3306306,Urriolagoitia,145,BOL,Bolivia,1949,1951,1.054655894856284,0.39535508037529005
Q365387,Ramanantsoa,580,MDG,Madagascar,1972,1975,1.054655894856284,0.39535508037529005
Q454025,Ngouabi,484,COG,Congo-Brazzaville,1969,1977,1.054655894856284,0.39535508037529005
Q529272,Lamizana,439,BFA,Burkina Faso,1974,1980,1.054655894856284,0.39535508037529005
Q887328,Castaneda Castro,92,SLV,El Salvador,1945,1948,1.054655894856284,0.39535508037529005
Q186111,Rafsanjani,630,IRN,Iran,1989,1997,1.042686279715354,0.39348120178846596
Q203633,Ceausescu,360,ROU,Romania,1967,1989,1.0304004699778018,0.39166776692892424
Q207942,Abacha,475,NGA,Nigeria,1993,1998,1.0291066151106358,0.39138313901418226
Q333415,Babangida,475,NGA,Nigeria,1985,1993,1.0291066151106358,0.39138313901418226
Q2300705,Somsanith,812,LAO,Laos,1960,1960,1.021139464096882,0.39263547299391494
Q156505,Papadopoulos,350,GRC,Greece,1967,1973,1.0101159252286145,0.3885019977581685
Q188974,Aramburu,160,ARG,Argentina,1955,1958,1.0101159252286145,0.3885019977581685
Q365431,Lonardi,160,ARG,Argentina,1955,1955,1.0101159252286145,0.3885019977581685
Q471351,Shonekan,475,NGA,Nigeria,1993,1993,1.0101159252286145,0.3885019977581685
Q715042,Correia Seabra,404,GNB,Guinea-Bissau,2003,2003,1.0101159252286145,0.3885019977581685
Q888147,Delgado Chalbaud,101,VEN,Venezuela,1948,1950,1.0101159252286145,0.3885019977581685
Q173563,Kenyatta,501,KEN,Kenya,1963,1978,1.0081895772169984,0.3882133590857546
Q5816,Mao Tse-Tung,710,CHN,China,1949,1976,0.9944696214231485,0.38617775831227596
Q193874,Mohammed V,600,MAR,Morocco,1956,1961,0.9917170927292397,0.3857737324577258
Q193492,Moi,501,KEN,Kenya,1978,2002,0.9607956221604427,0.38134131558174256
Q171684,Rhee,732,KOR,South Korea,1948,1960,0.9601845088207414,0.3812557683104844
Q561177,Kriangsak,800,THA,Thailand,1977,1980,0.9589996779151273,0.38109014425783466
Q124993,Galtieri,160,ARG,Argentina,1981,1982,0.9567018232302124,0.4229632028379668
Q356728,Ankrah,452,GHA,Ghana,1966,1969,0.9548533629853313,0.3805130076237576
Q57363,Rajoelina,580,MDG,Madagascar,2009,2014,0.9548533629853313,0.3805130076237576
Q57343,Nkurunziza,516,BDI,Burundi,2005,2015,0.9487382343990468,0.37966891702415556
Q128245,Mohammad Reza,630,IRN,Iran,1953,1979,0.935225097724989,0.377834457116823
Q39524,Nasser,651,EGY,Egypt,1954,1970,0.935225097724989,0.377834457116823
Q161672,Lumumba,490,COD,Congo-Kinshasa,1960,1960,0.9310503079981948,0.3772765217751453
Q2093148,Latifur Rahman,771,BGD,Bangladesh,2001,2001,0.9305568934981824,0.37721086026030176
Q2665236,Ahmed,771,BGD,Bangladesh,1990,1991,0.9305568934981824,0.37721086026030176
Q31734536,Mohammad Habibur Rahman,771,BGD,Bangladesh,1996,1996,0.9305568934981824,0.37721086026030176
Q37040,Salazar,235,PRT,Portugal,1946,1968,0.9197006040778755,0.3758582916519682
Q52183,Hasina Wazed,771,BGD,Bangladesh,2009,2015,0.9172156837358204,0.3754583795503392
Q41570,Hua Guofeng,710,CHN,China,1976,1980,0.9159822079992919,0.3752986202420088
Q16213,Fidel Castro,40,CUB,Cuba,1959,2008,0.9158530955770251,0.3753585296239836
Q206048,Kasavubu,490,COD,Congo-Kinshasa,1960,1965,0.9133821834992993,0.37496314678639275
Q59471,Shishakli,652,SYR,Syria,1949,1954,0.9131178547008458,0.3749291389340991
Q19581,Rafael Correa,130,ECU,Ecuador,2007,2015,0.912146101480704,0.37480427134509664
Q557995,Kayibanda,517,RWA,Rwanda,1961,1973,0.9061107668024843,0.3740342692733943
Q1373905,Thawan Thamrongnawasawat,800,THA,Thailand,1946,1947,0.9011372402159278,0.373406973741042
Q327414,Bitat,615,DZA,Algeria,1978,1979,0.9008504464950262,0.37337100311886157
Q11270,Batista,40,CUB,Cuba,1952,1959,0.8898670310804279,0.37201025993749864
Q1231345,Paul Kagame,517,RWA,Rwanda,1994,2015,0.8898670310804279,0.37201025993749864
Q156833,Alia,339,ALB,Albania,1985,1992,0.8898670310804279,0.37201025993749864
Q888792,Koroma,451,SLE,Sierra Leone,1997,1998,0.8898670310804279,0.37201025993749864
Q1347953,Jonathan,570,LSO,Lesotho,1966,1986,0.8835388104667241,0.37124141610102507
Q234814,Khaleda Zia,771,BGD,Bangladesh,1991,1996,0.8835388104667241,0.37124141610102507
Q2602,Krenz,265,DEU,Germany,1989,1989,0.8835388104667241,0.37124141610102507
Q2828958,Iskandrov,702,TJK,Tajikistan,1992,1992,0.8835388104667241,0.37124141610102507
Q558515,Nabiyev,702,TJK,Tajikistan,1991,1992,0.8835388104667241,0.37124141610102507
Q57418,Nguesso,484,COG,Congo-Brazzaville,1997,2015,0.8835388104667241,0.37124141610102507
Q878859,Gilles Andriamahazo,580,MDG,Madagascar,1975,1975,0.8835388104667241,0.37124141610102507
Q887586,Rodolfo Cordon,92,SLV,El Salvador,1962,1962,0.8835388104667241,0.37124141610102507
Q887693,Sanchez Hernandez,92,SLV,El Salvador,1967,1972,0.8835388104667241,0.37124141610102507
Q57394,Nazarbayev,705,KAZ,Kazakhstan,1990,2015,0.8713161418413355,0.3697887431507863
Q313996,Viola,160,ARG,Argentina,1981,1981,0.8694624691131284,0.4091796101867122
Q380980,Levingston,160,ARG,Argentina,1970,1971,0.8694624691131284,0.4091796101867122
Q728490,Rodriguez Lara,130,ECU,Ecuador,1972,1976,0.8694624691131284,0.4091796101867122
Q123037,Mohammad Mossadeg,630,IRN,Iran,1951,1953,0.8609454993648016,0.3685905212845108
Q969062,Ioseliani,372,GEO,Georgia,1992,1992,0.8573855800930537,0.40742273161006587
Q1736960,Katay Don Sasorith,812,LAO,Laos,1954,1956,0.8521369953117203,0.36934243015729956
Q6434680,Kouprasith,812,LAO,Laos,1964,1964,0.8521369953117203,0.36934243015729956
Q29179,Franco,230,ESP,Spain,1946,1975,0.8466368569352815,0.3670629943630986
Q262346,Abubakar,475,NGA,Nigeria,1998,1999,0.8440641650130873,0.36671001563187133
Q286130,Henrique Pereira Rosa,404,GNB,Guinea-Bissau,2003,2005,0.8440641650130873,0.36671001563187133
Q3075634,Mamadu Ture Kuruma,404,GNB,Guinea-Bissau,2012,2012,0.8440641650130873,0.36671001563187133
Q314538,Raimundo Pereira,404,GNB,Guinea-Bissau,2012,2012,0.8440641650130873,0.36671001563187133
Q319153,Hassan Sheikh Mohamud,520,SOM,Somalia,2012,2015,0.8440641650130873,0.36671001563187133
Q349261,Lastiri,160,ARG,Argentina,1973,1973,0.8440641650130873,0.36671001563187133
Q358332,Ndayizeye,516,BDI,Burundi,2003,2005,0.8440641650130873,0.36671001563187133
Q359490,"Margai, A",451,SLE,Sierra Leone,1964,1967,0.8440641650130873,0.36671001563187133
Q382423,Cedras,41,HTI,Haiti,1991,1994,0.8440641650130873,0.36671001563187133
Q436484,Molina Urena,42,DOM,Dominican Republic,1965,1965,0.8440641650130873,0.36671001563187133
Q43944,Hamid Karzai,700,AFG,Afghanistan,2001,2014,0.8440641650130873,0.36671001563187133
Q440837,Rodriguez Pedotti,150,PRY,Paraguay,1989,1993,0.8440641650130873,0.36671001563187133
Q461823,Tommy Ray Franks,645,IRQ,Iraq,2003,2003,0.8440641650130873,0.36671001563187133
Q497412,Paulo Muwanga,500,UGA,Uganda,1980,1980,0.8440641650130873,0.36671001563187133
Q5639013,al-Abadi,645,IRQ,Iraq,2014,2015,0.8440641650130873,0.36671001563187133
Q57315,Salva Kiir,626,SSD,South Sudan,2011,2015,0.8440641650130873,0.36671001563187133
Q57416,Joseph Kabila,490,COD,Congo-Kinshasa,2001,2015,0.8440641650130873,0.36671001563187133
Q57673,al-Maliki,645,IRQ,Iraq,2006,2014,0.8440641650130873,0.36671001563187133
Q718230,Sekouba Konate,438,GIN,Guinea,2009,2010,0.8440641650130873,0.36671001563187133
Q888967,Sindikubwabo,517,RWA,Rwanda,1994,1994,0.8440641650130873,0.36671001563187133
Q959588,Kukrot Pramoj,800,THA,Thailand,1975,1976,0.8440641650130873,0.36671001563187133
Q974619,Sanya,800,THA,Thailand,1973,1975,0.8440641650130873,0.36671001563187133
Q732636,Bonifacio Ondo Edu,411,GIN,Guinea,1963,1968,0.8389507263943994,0.36615801577297047
Q2866,Lukashenko,370,BLR,Belarus,1994,2015,0.8269221485871466,0.364892801497898
Q157451,H. Aliyev,373,AZE,Azerbaijan,1993,2003,0.8037261468971664,0.36258946898679545
Q297957,Maumoon Abdul Gayoom,781,UNK,COW-781,1978,2008,0.8018858066869828,0.3639997482790137
Q558802,Nasir,781,UNK,COW-781,1957,1978,0.8018858066869828,0.3639997482790137
Q297667,Gouled Aptidon,522,DJI,Djibouti,1977,1999,0.7944825864840713,0.36172356905563585
Q305669,Bonfoh,461,TGO,Togo,2005,2005,0.7944825864840713,0.36172356905563585
Q312185,Gierek,290,POL,Poland,1970,1980,0.7944825864840713,0.36172356905563585
Q545740,Ochab,290,POL,Poland,1956,1956,0.7944825864840713,0.36172356905563585
Q57272,Biya,471,CMR,Cameroon,1982,2015,0.7944825864840713,0.36172356905563585
Q6784197,Park Choong Hoon,732,KOR,South Korea,1980,1980,0.7944825864840713,0.36172356905563585
Q16140300,Niwattumrong Boonsongpaisan,800,THA,Thailand,2014,2014,0.774170819522555,0.3599293215200477
Q1490067,Hector Caraccioli,91,HND,Honduras,1956,1957,0.7731039897260159,0.3598393009497229
Q311798,Nimeiri,625,SDN,Sudan,1971,1985,0.7731039897260159,0.3598393009497229
Q455692,Rojas Pinillia,100,COL,Colombia,1953,1957,0.7366469779542312,0.3570268682684947
Q542559,Price,80,BLZ,Belize,1961,1984,0.7319500865411732,0.8414554519074199
Q307871,al-Sisi,651,EGY,Egypt,2014,2015,0.7244118922562949,0.3562019083056584
Q192361,Ranieri Mazzilli,140,BRA,Brazil,1961,1961,0.7207743557410307,0.3559685681493625
Q298430,Bignone,160,ARG,Argentina,1982,1983,0.7207743557410307,0.3559685681493625
Q380916,Buyoya,516,BDI,Burundi,1996,2003,0.7207743557410307,0.3559685681493625
Q57452,Francois Bozize,482,CAF,Central African Republic,2003,2013,0.7207743557410307,0.3559685681493625
Q627261,Ntare,516,BDI,Burundi,1966,1966,0.7207743557410307,0.3559685681493625
Q16054880,Yanukovych,369,UKR,Ukraine,2010,2014,0.6946730383130237,0.3544587122418227
Q424377,Afrifa,452,GHA,Ghana,1969,1969,0.6896412715637039,0.35420152584806186
Q313110,Mahendra,790,NPL,Nepal,1955,1972,0.6895542612637015,0.35419717657459837
Q57444,Sayasone,812,LAO,Laos,2006,2015,0.6837176643705106,0.3552092856007514
Q348144,Rouhani,630,IRN,Iran,2013,2015,0.6830556397797691,0.3538818194566741
Q177917,Nagy,310,HUN,Hungary,1956,1956,0.6830453424977783,0.3538813346641912
Q2097052,Bavadra,950,FJI,Fiji,1987,1987,0.6737476458158169,0.3534630057204654
Q345385,Ould Daddah,435,MRT,Mauritania,1960,1978,0.6737476458158169,0.3534630057204654
Q887593,Filiberto Bonnelly,42,DOM,Dominican Republic,1962,1963,0.6737476458158169,0.3534630057204654
Q981549,Rabuka,950,FJI,Fiji,1992,1999,0.6737476458158169,0.3534630057204654
Q718256,Burnham,110,GUY,Guyana,1966,1985,0.6574215101613704,0.35282348804537456
Q311431,Velasco Alvarado,135,PER,Peru,1968,1975,0.6521513425288541,0.35264330502030644
Q57291,Mwai Kibaki,501,KEN,Kenya,2002,2013,0.6514712423700865,0.3526209964807525
Q229493,Burdjanadze,372,GEO,Georgia,2003,2004,0.6431496424189461,0.3523656142613923
Q315953,Ratsiraka,580,MDG,Madagascar,1975,1993,0.642908559219042,0.3523587021877395
Q219918,Machel,541,MOZ,Mozambique,1975,1986,0.6411896394203733,0.35231021693278725
Q336234,Lucio Gutierrez,130,ECU,Ecuador,2003,2005,0.637651729563953,0.35221483809892473
Q472593,Acheampong,452,GHA,Ghana,1972,1978,0.637651729563953,0.35221483809892473
Q707178,Magloire,41,HTI,Haiti,1950,1956,0.637651729563953,0.35221483809892473
Q3346340,Syed Nazrul Islam,771,BGD,Bangladesh,1971,1972,0.6321476406697408,0.3520783207043662
Q149724,Faisal II,645,IRQ,Iraq,1953,1958,0.626724486516284,0.3519580291223998
Q313424,Smith,552,ZWE,Zimbabwe,1965,1979,0.626724486516284,0.3519580291223998
Q310870,Caetano,235,PRT,Portugal,1968,1974,0.6257041931070008,0.3519369830913317
Q314355,Diori,436,NER,Niger,1960,1974,0.6257041931070008,0.3519369830913317
Q327920,Ruiz Cortines,70,MEX,Mexico,1952,1958,0.6257041931070008,0.3519369830913317
Q558706,Batmonh,712,MNG,Mongolia,1984,1990,0.6257041931070008,0.3519369830913317
Q5972763,Majluta Azar,42,DOM,Dominican Republic,1982,1982,0.6220083315673596,0.351864967211796
Q57553,Muhammad VI,600,MAR,Morocco,1999,2015,0.6219204667443338,0.35186333576790985
Q162306,Birendra,790,NPL,Nepal,1972,1990,0.6166796134615975,0.35177282439232926
Q381928,Tribhuvan,790,NPL,Nepal,1951,1955,0.6049014340281973,0.3832165798935111
Q605414,Gerard Kango Ouedraogo,439,BFA,Burkina Faso,1971,1974,0.6016896181172111,0.35158834771571373
Q335684,Balewa,475,NGA,Nigeria,1960,1966,0.5905990459987037,0.35152364108662754
Q470492,Manigat,41,HTI,Haiti,1988,1988,0.589591377289038,0.35152081572354127
Q1463,Marcos,840,PHL,Philippines,1965,1986,0.5895173701085625,0.3515206283506084
Q55834,Jaruzelski,290,POL,Poland,1981,1990,0.5804856884821764,0.3515185114712317
Q1091523,Ahmadinejad,630,IRN,Iran,2005,2013,0.5751657932416354,0.3515366139669365
Q12002,Lleras Camargo,100,COL,Colombia,1958,1962,0.5751657932416354,0.3515366139669365
Q1397999,Lekhanya,570,LSO,Lesotho,1986,1991,0.5751657932416354,0.3515366139669365
Q15633683,Catherine Samba-Panza,482,CAF,Central African Republic,2014,2015,0.5751657932416354,0.3515366139669365
Q165672,Iajuddin,771,BGD,Bangladesh,2006,2007,0.5751657932416354,0.3515366139669365
Q179242,Laurent Gbagbo,437,CIV,Ivory Coast,2000,2011,0.5751657932416354,0.3515366139669365
Q2628548,Lokendra Bahadur Chand,790,NPL,Nepal,2002,2003,0.5751657932416354,0.3515366139669365
Q2679301,Ben Khedda,615,DZA,Algeria,1962,1962,0.5751657932416354,0.3515366139669365
Q317107,Muluzi,553,MWI,Malawi,1994,2004,0.5751657932416354,0.3515366139669365
Q318479,Muzorewa,552,ZWE,Zimbabwe,1979,1979,0.5751657932416354,0.3515366139669365
Q461668,Ruth Perry,450,LBR,Liberia,1996,1997,0.5751657932416354,0.3515366139669365
Q561542,Moses Zeh Blah,450,LBR,Liberia,2003,2003,0.5751657932416354,0.3515366139669365
Q888828,Sankawulo,450,LBR,Liberia,1995,1996,0.5751657932416354,0.3515366139669365
Q983444,Surya Bahadur Thapa,790,NPL,Nepal,2003,2004,0.5751657932416354,0.3515366139669365
Q165292,Raul Castro,40,CUB,Cuba,2008,2015,0.5735921165782741,0.3516093489416983
Q238745,Menderes,640,TUR,Turkey,1950,1960,0.5708878301977255,0.3515616346607913
Q57371,Ilhma Aliyev,373,AZE,Azerbaijan,2003,2015,0.5704593067250449,0.35156465644053947
Q887418,Hoyte,110,GUY,Guyana,1985,1992,0.5704593067250449,0.35156465644053947
Q42013,Sadat,651,EGY,Egypt,1970,1981,0.5570360918488169,0.35170706845244704
Q155554,Marc Ravalomanana,580,MDG,Madagascar,2002,2009,0.5554444290254513,0.3517301181657368
Q879302,"Margai,M",451,SLE,Sierra Leone,1961,1964,0.5446192129487315,0.3519217694560266
Q65917,Wilhelm Pieck,265,DEU,Germany,1946,1950,0.5443644446641426,0.3519270146896149
Q104392,Naguib,651,EGY,Egypt,1952,1954,0.5351017128043214,0.352140767830264
Q206479,Emile Lahoud,660,LBN,Lebanon,1998,2007,0.5345644942183393,0.35215454442156596
Q314263,Siniora,660,LBN,Lebanon,2007,2008,0.5345644942183393,0.35215454442156596
Q323218,Boniface Alexandre,41,HTI,Haiti,2004,2006,0.5345644942183393,0.35215454442156596
Q151944,Fernandez Reyna,42,DOM,Dominican Republic,2004,2012,0.5288795425417449,0.3523096270991036
Q483128,Chang Do Yong,732,KOR,South Korea,1961,1961,0.5288795425417449,0.3523096270991036
Q562002,Blanco,42,DOM,Dominican Republic,1982,1986,0.5288795425417449,0.3523096270991036
Q9161,Tito,345,SRB,Yugoslavia/Serbia,1945,1980,0.525713034597755,0.3524033867217795
Q434419,Minh,817,VNM,Vietnam,1963,1964,0.5191874884043118,0.35366989024624534
Q172083,Bongo,481,GAB,Gabon,1967,2009,0.4960817564521827,0.3535382326867177
Q116718,Ugarteche,135,PER,Peru,1956,1962,0.49275170493871234,0.35369499629187573
Q118272,Elias Hrawi,660,LBN,Lebanon,1989,1998,0.49275170493871234,0.35369499629187573
Q1374014,Senilagakali,950,FJI,Fiji,2006,2007,0.49275170493871234,0.35369499629187573
Q299442,Micheletti,91,HND,Honduras,2009,2010,0.49275170493871234,0.35369499629187573
Q327127,Zeroual,615,DZA,Algeria,1994,1999,0.49275170493871234,0.35369499629187573
Q489893,Akayev,703,KGZ,Kyrgyzstan,1990,2005,0.49275170493871234,0.35369499629187573
Q59981,Kuwatli,652,SYR,Syria,1955,1958,0.49275170493871234,0.35369499629187573
Q313707,Van Thieu,817,VNM,Vietnam,1965,1975,0.47697653238998594,0.35553783459016675
Q504362,Khanh,817,VNM,Vietnam,1964,1964,0.47697653238998594,0.35553783459016675
Q319216,Abboud,625,SDN,Sudan,1958,1964,0.4721411231137997,0.3547973806502153
Q4631,Morsi,651,EGY,Egypt,2012,2013,0.4721411231137997,0.3547973806502153
Q718250,Sanabria,101,VEN,Venezuela,1958,1959,0.4721411231137997,0.3547973806502153
Q367825,Salman bin Abdulaziz Al Saud,670,SAU,Saudi Arabia,2015,2015,0.47197317558972834,0.3548072997111662
Q34453,Yeltsin,365,RUS,Russia,1991,1999,0.4593855576310953,0.3555938798505292
Q1480,Aquino,840,PHL,Philippines,1986,1992,0.45664555053752715,0.35577639055124677
Q319943,Quirrino,840,PHL,Philippines,1948,1953,0.45664555053752715,0.35577639055124677
Q116430,Idris,620,LBY,Libya,1951,1969,0.4407868325659393,0.3569120704017058
Q57327,Hassanal Bolkiah,835,UNK,COW-835,1967,2015,0.42981415072226675,0.8805826615080481
Q183187,Fahd,670,SAU,Saudi Arabia,1982,1996,0.42935554492179023,0.35781457457477883
Q57298,Abdullah ibn Abdilaziz,670,SAU,Saudi Arabia,1996,2015,0.42935554492179023,0.35781457457477883
Q316317,Ratu Josefa Iloilo,950,FJI,Fiji,2000,2000,0.42464549672122026,0.35820685634671734
Q451521,Ould Mohamed Vall,435,MRT,Mauritania,2005,2007,0.42464549672122026,0.35820685634671734
Q57830,Bainimarama,950,FJI,Fiji,2000,2000,0.42464549672122026,0.35820685634671734
Q34413,Benazir Bhutto,770,PAK,Pakistan,1993,1996,0.4183393105132343,0.3587507122341038
Q471248,Mahuad,130,ECU,Ecuador,1998,2000,0.4152708555104371,0.35902305071485957
Q181383,Mahatir Bin Mohammad,820,MYS,Malaysia,1981,2003,0.4072370508737596,0.35975995676642497
Q151929,Shevardnadze,372,GEO,Georgia,1992,2003,0.40591077125721725,0.35988492927413973
Q471315,Parri,325,ITA,Italy,1945,1945,0.40325690900811784,0.3601378173169501
Q192502,Ngo Dinh Diem,817,VNM,Vietnam,1954,1963,0.3953668317121073,0.3618825397907841
Q434552,Mancheno,130,ECU,Ecuador,1947,1947,0.3714672861312416,0.36345808458115314
Q434746,Arosemena Gomez,130,ECU,Ecuador,1966,1968,0.3714672861312416,0.36345808458115314
Q50997,Limann,452,GHA,Ghana,1979,1981,0.3714672861312416,0.36345808458115314
Q718234,Akuffo,452,GHA,Ghana,1978,1979,0.3714672861312416,0.36345808458115314
Q718247,Arosemena Monroy,130,ECU,Ecuador,1961,1963,0.3714672861312416,0.36345808458115314
Q880729,Guizado,95,PAN,Panama,1955,1955,0.3714672861312416,0.36345808458115314
Q887063,Plaza Lasso,130,ECU,Ecuador,1948,1952,0.3714672861312416,0.36345808458115314
Q36014,Ho Chi Minh,816,VNM,Vietnam,1945,1969,0.36820660918502424,0.364789188193094
Q314776,Ishaq Khan,770,PAK,Pakistan,1988,1988,0.36477346821790074,0.36422525710160564
Q223419,Roxas,840,PHL,Philippines,1946,1948,0.33652629261007566,0.3677199787833852
Q317659,Nygaardsvold,385,NOR,Norway,1945,1945,0.33652629261007566,0.3677199787833852
Q319939,Garcia,840,PHL,Philippines,1957,1961,0.33652629261007566,0.3677199787833852
Q243550,Erbakan,640,TUR,Turkey,1996,1997,0.3354231855617124,0.3678648254479043
Q40495,Musharraf,770,PAK,Pakistan,1999,2008,0.3354231855617124,0.3678648254479043
Q181586,Bingu wa Mutharika,553,MWI,Malawi,2004,2012,0.32682928696721625,0.36901460774147626
Q117096,Magsaysay,840,PHL,Philippines,1953,1957,0.31953325316384484,0.3700202860178375
Q12149,Thein Sein,775,MMR,Myanmar,2011,2015,0.31953325316384484,0.3700202860178375
Q1258656,Voulgaris,350,GRC,Greece,1945,1945,0.31953325316384484,0.3700202860178375
Q1317228,Mohammad Hashim Maiwandwal,700,AFG,Afghanistan,1965,1967,0.31953325316384484,0.3700202860178375
Q134068,Sharif,770,PAK,Pakistan,1990,1993,0.31953325316384484,0.3700202860178375
Q13410170,Giuma Ahmed Atigha,620,LBY,Libya,2013,2013,0.31953325316384484,0.3700202860178375
Q13550478,Nouri Abusahmain,620,LBY,Libya,2013,2014,0.31953325316384484,0.3700202860178375
Q1392087,Poulitsas,350,GRC,Greece,1946,1946,0.31953325316384484,0.3700202860178375
Q1397698,Mohammad Musa Shafiq,700,AFG,Afghanistan,1972,1973,0.31953325316384484,0.3700202860178375
Q308215,Shermarke,520,SOM,Somalia,1967,1969,0.31953325316384484,0.3700202860178375
Q312539,Macapagal,840,PHL,Philippines,1961,1965,0.31953325316384484,0.3700202860178375
Q31280,Damaskinos,350,GRC,Greece,1945,1945,0.31953325316384484,0.3700202860178375
Q313816,Iyad Allawi,645,IRQ,Iraq,2004,2005,0.31953325316384484,0.3700202860178375
Q317743,Abdallah Yakta,700,AFG,Afghanistan,1967,1967,0.31953325316384484,0.3700202860178375
Q34105,Mubarak,651,EGY,Egypt,1981,2011,0.31953325316384484,0.3700202860178375
Q387953,Sadiq al-Mahdi,625,SDN,Sudan,1986,1989,0.31953325316384484,0.3700202860178375
Q449445,Plastiras,350,GRC,Greece,1951,1952,0.31953325316384484,0.3700202860178375
Q4665763,Abdul Zahir,700,AFG,Afghanistan,1971,1972,0.31953325316384484,0.3700202860178375
Q57534,Mohammed Magariaf,620,LBY,Libya,2012,2013,0.31953325316384484,0.3700202860178375
Q589978,Diomidis,350,GRC,Greece,1949,1950,0.31953325316384484,0.3700202860178375
Q659147,Mohammed Ali Salim,620,LBY,Libya,2012,2012,0.31953325316384484,0.3700202860178375
Q708300,Theotokis,350,GRC,Greece,1950,1950,0.31953325316384484,0.3700202860178375
Q982280,Khalid,770,PAK,Pakistan,1996,1997,0.31953325316384484,0.3700202860178375
Q315633,Salinas,70,MEX,Mexico,1988,1994,0.31430886371073663,0.3707569720636301
Q15029,Hu Jintao,710,CHN,China,2003,2012,0.2838262562103537,0.37532701987052597
Q57308,Bouteflika,615,DZA,Algeria,1999,2015,0.27351237123686917,0.3769766335781641
Q7176020,Peter Mutharika,553,MWI,Malawi,2014,2015,0.27351237123686917,0.3769766335781641
Q365971,Chamoun,660,LBN,Lebanon,1952,1958,0.2684406714200927,0.3778066285933643
Q10874521,Xi Jinping,710,CHN,China,2012,2015,0.26726433462767596,0.37800089941247783
Q270645,Rose Francine Rogombe,481,GAB,Gabon,2009,2009,0.26726433462767596,0.37800089941247783
Q296691,de La Madrid,70,MEX,Mexico,1982,1988,0.26726433462767596,0.37800089941247783
Q879219,Reina,91,HND,Honduras,1994,1998,0.26726433462767596,0.37800089941247783
Q201327,Gyanendra,790,NPL,Nepal,2005,2006,0.25680033378222145,0.3797579876612805
Q57388,Joyce Hilda Banda,553,MWI,Malawi,2012,2014,0.25680033378222145,0.3797579876612805
Q298079,Chulanont,800,THA,Thailand,2006,2008,0.24474687050336635,0.3818458445583775
Q485702,Panyarachun,800,THA,Thailand,1991,1992,0.24474687050336635,0.3818458445583775
Q333981,Yahya Khan,770,PAK,Pakistan,1969,1971,0.2328515255990428,0.38397227906796316
Q19943,Juan Carlos,230,ESP,Spain,1975,1975,0.2145930661823391,0.38736102624820895
Q16597,Jiang Zemin,710,CHN,China,1997,2003,0.21002983668783498,0.3882311396964133
Q457201,Ndadaye,516,BDI,Burundi,1993,1993,0.2083290194985773,0.3885577904000716
Q316384,U Nu,775,MMR,Myanmar,1948,1956,0.20724120107942676,0.388767375065604
Q363392,Aoun,660,LBN,Lebanon,1988,1989,0.20724120107942676,0.388767375065604
Q4414,Faure Gnassingbe,461,TGO,Togo,2005,2015,0.20724120107942676,0.388767375065604
Q559672,Zafy,580,MDG,Madagascar,1993,1996,0.20724120107942676,0.388767375065604
Q57512,Martelly,41,HTI,Haiti,2011,2014,0.20724120107942676,0.388767375065604
Q613051,Kocharian,371,ARM,Armenia,1998,2008,0.20724120107942676,0.388767375065604
Q5974590,Leon Herrera,94,CRI,Costa Rica,1948,1948,0.1820996864600608,0.39375319190506347
Q57331,Qabus Bin Said,698,OMN,Oman,1970,2015,0.15616485217334508,0.3991724697559815
Q336218,Soglo,434,BEN,Benin,1965,1967,0.12980659130788902,0.40495323150665247
Q881211,Paul-Emile de Souza,434,BEN,Benin,1969,1970,0.1263294237485327,0.4287298547425944
Q888400,Kouandete,434,BEN,Benin,1969,1969,0.1263294237485327,0.4287298547425944
Q296679,Dutra,140,BRA,Brazil,1946,1951,0.09440686028812909,0.4131231618688873
Q131355,Bhutto,770,PAK,Pakistan,1971,1977,0.09301396460545962,0.4134536894031193
Q186525,Nyerere,510,TZA,Tanzania,1961,1985,0.074934349134407,0.4187842659344697
Q888596,Congacou,434,BEN,Benin,1965,1965,0.07294498824435722,0.4182885509236953
Q359536,Strijdom,560,ZAF,South Africa,1954,1958,0.07282363318903029,0.4183181920294342
Q155824,Kubitschek,140,BRA,Brazil,1956,1961,0.06514356250709652,0.4202037208985923
Q43330,Saakashvili,372,GEO,Georgia,2004,2007,0.06017473843436552,0.4214336318275521
Q298088,Wongsawat,800,THA,Thailand,2008,2008,0.05738062357643193,0.4221286548052552
Q365172,Arias Navarro,230,ESP,Spain,1975,1976,0.05738062357643193,0.4221286548052552
Q529433,Chanweerakul,800,THA,Thailand,2008,2008,0.05738062357643193,0.4221286548052552
Q16977,Deng Xiaoping,710,CHN,China,1980,1997,0.049354807010494536,0.42413848156050926
Q111149753,Yar'Adua,475,NGA,Nigeria,2007,2010,0.042797998775439314,0.42579499491163986
Q212286,Botha,560,ZAF,South Africa,1978,1989,0.042797998775439314,0.42579499491163986
Q57380,Goodluck Jonathan,475,NGA,Nigeria,2010,2015,0.042797998775439314,0.42579499491163986
Q627267,Mwambutsa,516,BDI,Burundi,1962,1966,0.042797998775439314,0.42579499491163986
Q200273,"Wangchuck, Jigme Singye",760,UNK,COW-760,1972,1998,0.00817397968863201,0.435756761220562
Q298020,"Wangchuk, Jigme Dorji",760,UNK,COW-760,1952,1972,0.00817397968863201,0.435756761220562
Q196070,Uhuru Kenyatta,501,KEN,Kenya,2013,2015,0.0020970328222420995,0.4363548236048088
Q216943,Arbenz Guzman,90,GTM,Guatemala,1951,1954,0.0020970328222420995,0.4363548236048088
Q57274,Museveni,500,UGA,Uganda,1986,2015,0.0020970328222420995,0.4363548236048088
Q57373,Zardari,770,PAK,Pakistan,2008,2013,0.0020970328222420995,0.4363548236048088
Q273259,Dzeliwe Shongwe,572,SWZ,Eswatini,1982,1983,-0.007793255420824594,0.4400034117197321
Q1077326,Heunis,560,ZAF,South Africa,1989,1989,-0.02043807566078281,0.44239223162466235
Q151813,deKlerk,560,ZAF,South Africa,1989,1994,-0.02043807566078281,0.44239223162466235
Q1538702,Rajapakse,780,LKA,Sri Lanka,2005,2015,-0.02043807566078281,0.44239223162466235
Q187413,Alvaro Uribe Velez,100,COL,Colombia,2002,2010,-0.02043807566078281,0.44239223162466235
Q269572,Coimbra da Luz,140,BRA,Brazil,1955,1955,-0.02043807566078281,0.44239223162466235
Q297000,Verwoerd,560,ZAF,South Africa,1958,1966,-0.02043807566078281,0.44239223162466235
Q313903,Vorster,560,ZAF,South Africa,1966,1978,-0.02043807566078281,0.44239223162466235
Q317624,Soomro,770,PAK,Pakistan,2008,2008,-0.02043807566078281,0.44239223162466235
Q332020,César Gaviria Trujillo,100,COL,Colombia,1990,1994,-0.02043807566078281,0.44239223162466235
Q379725,Lissouba,484,COG,Congo-Brazzaville,1992,1997,-0.02043807566078281,0.44239223162466235
Q380398,Swart,560,ZAF,South Africa,1958,1958,-0.02043807566078281,0.44239223162466235
Q469661,Jayewardene,780,LKA,Sri Lanka,1977,1989,-0.02043807566078281,0.44239223162466235
Q472323,Premadasa,780,LKA,Sri Lanka,1989,1993,-0.02043807566078281,0.44239223162466235
Q540192,Vargas,100,COL,Colombia,1986,1990,-0.02043807566078281,0.44239223162466235
Q540230,Lleras Restropo,100,COL,Colombia,1966,1970,-0.02043807566078281,0.44239223162466235
Q57670,Yingluck Shinawatra,800,THA,Thailand,2011,2014,-0.02043807566078281,0.44239223162466235
Q728833,Pastrana Borrero,100,COL,Colombia,1970,1974,-0.02043807566078281,0.44239223162466235
Q887617,Cerezo,90,GTM,Guatemala,1986,1991,-0.02043807566078281,0.44239223162466235
Q959614,Kraprayoon,800,THA,Thailand,1992,1992,-0.02043807566078281,0.44239223162466235
Q466001,Le Duan,816,VNM,Vietnam,1969,1986,-0.02296940670583298,0.44409984722126716
Q440,Allende,155,CHL,Chile,1970,1973,-0.027240907223578435,0.4442394510540947
Q529391,Hussein Bin Onn,820,MYS,Malaysia,1976,1981,-0.02792542455919197,0.44442593380975537
Q189732,Kravchuk,369,UKR,Ukraine,1990,1994,-0.04339448653198806,0.4486691305909531
Q342600,Do Muoi,816,VNM,Vietnam,1991,1997,-0.047982266893381975,0.4509712281953598
Q455661,Campins,101,VEN,Venezuela,1979,1984,-0.06289128034507092,0.45409269612516756
Q727036,Lusinchi,101,VEN,Venezuela,1984,1989,-0.06289128034507092,0.45409269612516756
Q739795,Nguyen Van Linh,816,VNM,Vietnam,1986,1991,-0.06596657329486436,0.4559974076082672
Q222652,Nicanor Duarte Frutos,150,PRY,Paraguay,2003,2008,-0.07026755348079432,0.45616538636942205
Q105480,Kaunda,551,ZMB,Zambia,1964,1991,-0.07167347520101709,0.45656168747853626
Q57766,Gruevski,343,MKD,North Macedonia,2006,2014,-0.08301518353626482,0.4608231315769329
Q57402,Daniel Ortega,93,NIC,Nicaragua,1979,1990,-0.08732902274765135,0.4610007018603022
Q2821422,Razak,820,MYS,Malaysia,1970,1976,-0.09712626728037368,0.46380201510243496
Q3187589,Bosch,42,DOM,Dominican Republic,1963,1963,-0.09712626728037368,0.46380201510243496
Q372679,Amadou Sanogo,432,MLI,Mali,2012,2012,-0.09712626728037368,0.46380201510243496
Q372780,Dioncounda Traore,432,MLI,Mali,2012,2013,-0.09712626728037368,0.46380201510243496
Q470687,Kolisevski,345,SRB,Yugoslavia/Serbia,1980,1980,-0.09712626728037368,0.46380201510243496
Q438852,Ahomadegbe,434,BEN,Benin,1972,1972,-0.11814279566709529,0.4906709326959433
Q1149,"Gandhi, I.",750,IND,India,1966,1977,-0.1274619054377521,0.4725807488746792
Q11726,Renner,305,AUT,Austria,1945,1945,-0.1334499142270229,0.4743310026098698
Q153509,Makarios,352,CYP,Cyprus,1960,1974,-0.1334499142270229,0.4743310026098698
Q157197,Osman Daar,520,SOM,Somalia,1960,1967,-0.13528673812425476,0.47486897143307255
Q336242,Maga,434,BEN,Benin,1960,1963,-0.13528673812425476,0.47486897143307255
Q50005,Andreotti,325,ITA,Italy,1976,1979,-0.13586732972907276,0.4750391187726951
Q179858,Kekkonen,375,FIN,Finland,1956,1981,-0.14578740597035028,0.47795381406561355
Q545539,Truong Chinh,816,VNM,Vietnam,1986,1986,-0.15767366179345652,0.4825522220506662
Q220227,Mamadou Tandja,436,NER,Niger,1999,2010,-0.16204911765958652,0.48276112355540596
Q311596,Fatos Nano,339,ALB,Albania,2002,2005,-0.16204911765958652,0.48276112355540596
Q312026,Bidault,220,FRA,France,1949,1950,-0.16204911765958652,0.48276112355540596
Q312668,Carlos Mesa,145,BOL,Bolivia,2003,2005,-0.16204911765958652,0.48276112355540596
Q355737,Jelavic,346,BIH,Bosnia,1999,2000,-0.16204911765958652,0.48276112355540596
Q379645,Gonzalo Sanchez de Lozada,145,BOL,Bolivia,1993,1997,-0.16204911765958652,0.48276112355540596
Q381214,Majko,339,ALB,Albania,1998,1999,-0.16204911765958652,0.48276112355540596
Q438594,Gonzalez Macchi,150,PRY,Paraguay,1999,2003,-0.16204911765958652,0.48276112355540596
Q468805,Jorge Quiroga Ramirez,145,BOL,Bolivia,2001,2002,-0.16204911765958652,0.48276112355540596
Q473214,Laisenia Qarase,950,FJI,Fiji,2000,2006,-0.16204911765958652,0.48276112355540596
Q485136,Otunbayeva,703,KGZ,Kyrgyzstan,2010,2011,-0.16204911765958652,0.48276112355540596
Q555207,Paz Zamora,145,BOL,Bolivia,1989,1993,-0.16204911765958652,0.48276112355540596
Q57424,Manuel Serifo Nhamadjo,404,GNB,Guinea-Bissau,2012,2014,-0.16204911765958652,0.48276112355540596
Q57521,Ali Bongo Ondimba,481,GAB,Gabon,2009,2015,-0.16204911765958652,0.48276112355540596
Q57625,Berisha,339,ALB,Albania,1992,1997,-0.16204911765958652,0.48276112355540596
Q57643,Lee Hsien Loong,830,SGP,Singapore,2004,2015,-0.20294851641776573,0.4949933340244876
Q312716,Jawara,420,GMB,Gambia,1965,1994,-0.2266573050013566,0.5021619353727524
Q170899,Nestor Kirchner,160,ARG,Argentina,2003,2007,-0.2563216458566001,0.5111944562112292
Q9640,Johnson,2,USA,United States,1963,1969,-0.27497134079549423,0.5169019764921108
Q190071,Ayub Khan,770,PAK,Pakistan,1958,1969,-0.28396813015566347,0.5196618021230056
Q629702,Kuchma,369,UKR,Ukraine,1994,2005,-0.2849643074673993,0.5199676157018992
Q167307,Mintoff,338,MLT,Malta,1971,1984,-0.2896107323071723,0.5213945739079595
Q76179,Megawati Sukarnoputri,850,IDN,Indonesia,2001,2004,-0.2896107323071723,0.5213945739079595
Q469507,Mara,950,FJI,Fiji,1970,1987,-0.29586987216981464,0.5233182031303717
Q146906,Hussein Ibn Talal El-Hashim,663,JOR,Jordan,1952,1999,-0.3067526286852009,0.5266662179089087
Q471291,Gustavo Noboa,130,ECU,Ecuador,2000,2003,-0.31838344655399964,0.5302484173597485
Q1047,Nehru,750,IND,India,1947,1964,-0.3200782254894879,0.5307706928415297
Q214438,Menzies,900,AUS,Australia,1949,1966,-0.3200782254894879,0.5307706928415297
Q8016,Churchill,200,GBR,United Kingdom,1951,1955,-0.3200782254894879,0.5307706928415297
Q8023,Mandela,560,ZAF,South Africa,1994,1999,-0.3200782254894879,0.5307706928415297
Q9588,Nixon,2,USA,United States,1969,1974,-0.3200782254894879,0.5307706928415297
Q9696,Kennedy,2,USA,United States,1961,1963,-0.3200782254894879,0.5307706928415297
Q317664,Ingraham,31,BHS,Bahamas,1992,2002,-0.339799652360292,0.9183465911807489
Q335215,Musa,80,BLZ,Belize,1998,2008,-0.339799652360292,0.9183465911807489
Q57480,Abd Rabbuh Mansur Hadi,678,YEM,Yemen,2012,2015,-0.339799652360292,0.9183465911807489
Q951969,Esquivel,80,BLZ,Belize,1984,1989,-0.339799652360292,0.9183465911807489
Q128995,Eden,200,GBR,United Kingdom,1955,1957,-0.3536077098454439,0.5411138062011684
Q128956,Wilson,200,GBR,United Kingdom,1964,1970,-0.3559987202328496,0.5418518480790714
Q154104,Nujoma,565,NAM,Namibia,1990,2005,-0.39095768803870307,0.5526418769230651
Q1561693,Khan Noon,770,PAK,Pakistan,1957,1958,-0.41829979291431946,0.561070835975349
Q291543,Rosalia Arteaga Serrano,130,ECU,Ecuador,1997,1997,-0.41829979291431946,0.561070835975349
Q701841,Choonhavan,800,THA,Thailand,1988,1991,-0.41829979291431946,0.561070835975349
Q743354,Borja Cevallos,130,ECU,Ecuador,1988,1992,-0.41829979291431946,0.561070835975349
Q1124,Clinton,2,USA,United States,1993,2001,-0.4201974348250219,0.5616552271909658
Q15981,Schuman,220,FRA,France,1947,1948,-0.4201974348250219,0.5616552271909658
Q2042,De Gaulle,220,FRA,France,1958,1969,-0.4201974348250219,0.5616552271909658
Q9916,Eisenhower,2,USA,United States,1953,1961,-0.4201974348250219,0.5616552271909658
Q19216,Ma Ying-jeou,713,TWN,Taiwan,2008,2015,-0.44139413765944685,0.5681756789399819
Q22368,Chen Shui-bian,713,TWN,Taiwan,2000,2008,-0.44139413765944685,0.5681756789399819
Q1058,Narendra Modi,750,IND,India,2014,2015,-0.4461555495720042,0.5696382989805377
Q130873,Begin,666,ISR,Israel,1977,1983,-0.4461555495720042,0.5696382989805377
Q8619,Pierre Trudeau,20,CAN,Canada,1968,1979,-0.4461555495720042,0.5696382989805377
Q9582,Ford,2,USA,United States,1974,1977,-0.4461555495720042,0.5696382989805377
Q11613,Truman,2,USA,United States,1945,1953,-0.4577829533914933,0.573206338241066
Q191123,Eshkol,666,ISR,Israel,1963,1969,-0.4577829533914933,0.573206338241066
Q2492,Adenauer,260,DEU,Germany,1949,1963,-0.4577829533914933,0.573206338241066
Q296317,Rahman,820,MYS,Malaysia,1959,1970,-0.4577829533914933,0.573206338241066
Q53707,Erlander,380,SWE,Sweden,1946,1969,-0.4577829533914933,0.573206338241066
Q128985,MacMillan,200,GBR,United Kingdom,1957,1963,-0.4604661784285658,0.574028931663538
Q217566,Anerood Jugnauth,590,MUS,Mauritius,1982,1995,-0.4604661784285658,0.574028931663538
Q367589,Lange,920,NZL,New Zealand,1984,1989,-0.4604661784285658,0.574028931663538
Q57537,Letsie III,570,LSO,Lesotho,1994,1994,-0.46184348350205523,0.5744510491260986
Q7416,Thatcher,200,GBR,United Kingdom,1979,1990,-0.47497454536404005,0.5784711120746175
Q9545,Blair,200,GBR,United Kingdom,1997,2007,-0.47497454536404005,0.5784711120746175
Q319824,Charan Singh,750,IND,India,1979,1980,-0.48482581717325957,0.5814815373970135
Q295713,L. Khan,770,PAK,Pakistan,1948,1951,-0.48758711528984106,0.5823244472970988
Q737739,Muldoon,920,NZL,New Zealand,1975,1984,-0.48758711528984106,0.5823244472970988
Q131248,Lee Kuan Yew,830,SGP,Singapore,1959,1990,-0.4997393761094633,0.5860290238946824
Q139785,Bolger,920,NZL,New Zealand,1990,1997,-0.4997393761094633,0.5860290238946824
Q152327,Motlanthe,560,ZAF,South Africa,2008,2009,-0.4997393761094633,0.5860290238946824
Q190572,Vicente Fox Quesada,70,MEX,Mexico,2000,2006,-0.4997393761094633,0.5860290238946824
Q272588,Ahmad Badawi,820,MYS,Malaysia,2003,2009,-0.4997393761094633,0.5860290238946824
Q316264,Somare,910,PNG,Papua New Guinea,2002,2011,-0.4997393761094633,0.5860290238946824
Q9559,Major,200,GBR,United Kingdom,1990,1997,-0.5177111902852343,0.5914916464140664
Q114142,Violeta Chamorro,93,NIC,Nicaragua,1990,1997,-0.5280116857887694,0.5946132233096739
Q313300,Goh Chok Tong,830,SGP,Singapore,1990,2004,-0.5280116857887694,0.5946132233096739
Q47846,Naoto Kan,740,JPN,Japan,2010,2011,-0.5280116857887694,0.5946132233096739
Q219962,Khama,571,BWA,Botswana,1966,1980,-0.5294895653388944,0.5950605104409279
Q180383,Helen Clark,920,NZL,New Zealand,1999,2008,-0.5594266405922904,0.6040873083282375
Q185107,Menem,160,ARG,Argentina,1989,1999,-0.5594266405922904,0.6040873083282375
Q3099714,Justin Trudeau,20,CAN,Canada,2015,2015,-0.5594266405922904,0.6040873083282375
Q132345,Shinzo Abe,740,JPN,Japan,2012,2015,-0.5618909517367721,0.6048273491407208
Q2185,Pompidou,220,FRA,France,1969,1974,-0.5618909517367721,0.6048273491407208
Q37610,Ben Gurion,666,ISR,Israel,1955,1963,-0.5618909517367721,0.6048273491407208
Q4593,"Gandhi, R.",750,IND,India,1984,1989,-0.5618909517367721,0.6048273491407208
Q11860,Berlusconi,325,ITA,Italy,2001,2006,-0.5943987524787993,0.614542944653074
Q192818,Craxi,325,ITA,Italy,1983,1987,-0.5943987524787993,0.614542944653074
Q2105,Chirac,220,FRA,France,1995,2007,-0.5943987524787993,0.614542944653074
Q301804,"Yoshida, Shigeru",740,JPN,Japan,1952,1954,-0.5943987524787993,0.614542944653074
Q9960,Reagan,2,USA,United States,1981,1989,-0.5943987524787993,0.614542944653074
Q219256,A. Papandreou,350,GRC,Greece,1981,1989,-0.6055188211025063,0.617845444016557
Q23379,Chifley,900,AUS,Australia,1945,1949,-0.6055188211025063,0.617845444016557
Q23505,G.H.W. Bush,2,USA,United States,1989,1993,-0.6055188211025063,0.617845444016557
Q244689,Shastri,750,IND,India,1964,1966,-0.6055188211025063,0.617845444016557
Q332709,Spadolini,325,ITA,Italy,1981,1982,-0.6055188211025063,0.617845444016557
Q53713,Palme,380,SWE,Sweden,1969,1976,-0.6055188211025063,0.617845444016557
Q721770,Nash,920,NZL,New Zealand,1957,1960,-0.6055188211025063,0.617845444016557
Q728925,Batlle Berres,165,URY,Uruguay,1947,1951,-0.6055188211025063,0.617845444016557
Q275146,Rao,750,IND,India,1991,1996,-0.6086364255667502,0.6187693153651773
Q333735,Haughey,205,IRL,Ireland,1987,1992,-0.6086364255667502,0.6187693153651773
Q381681,Lynch,205,IRL,Ireland,1966,1973,-0.6086364255667502,0.6187693153651773
Q128604,Pearson,20,CAN,Canada,1963,1968,-0.6394455418938436,0.6278498806738979
Q128614,Diefenbaker,20,CAN,Canada,1957,1963,-0.6394455418938436,0.6278498806738979
Q128626,St. Laurent,20,CAN,Canada,1948,1957,-0.6394455418938436,0.6278498806738979
Q138048,Park Geun-hye,732,KOR,South Korea,2013,2015,-0.6394455418938436,0.6278498806738979
Q153832,de Gasperi,325,ITA,Italy,1945,1953,-0.6394455418938436,0.6278498806738979
Q164346,Gerhardsen,385,NOR,Norway,1955,1963,-0.6394455418938436,0.6278498806738979
Q2516,Schmidt,260,DEU,Germany,1974,1982,-0.6394455418938436,0.6278498806738979
Q2518,Kohl,260,DEU,Germany,1982,1998,-0.6394455418938436,0.6278498806738979
Q269372,Hawke,900,AUS,Australia,1983,1991,-0.6394455418938436,0.6278498806738979
Q315685,Bech,212,LUX,Luxembourg,1953,1958,-0.6394455418938436,0.6278498806738979
Q459146,Forde,900,AUS,Australia,1945,1945,-0.6394455418938436,0.6278498806738979
Q57410,Peres,666,ISR,Israel,1984,1986,-0.6394455418938436,0.6278498806738979
Q129006,Atlee,200,GBR,United Kingdom,1945,1951,-0.6426649513074999,0.6287934095251301
Q284733,Marshall,920,NZL,New Zealand,1972,1972,-0.6426649513074999,0.6287934095251301
Q29207,Sauli Niinistö,375,FIN,Finland,2012,2015,-0.6426649513074999,0.6287934095251301
Q724156,Jagan Cheddi,110,GUY,Guyana,1992,1997,-0.6426649513074999,0.6287934095251301
Q9576,Callaghan,200,GBR,United Kingdom,1976,1979,-0.6426649513074999,0.6287934095251301
Q194291,"Bandaranaike, S",780,LKA,Sri Lanka,1970,1977,-0.6543071729717174,0.6321966928655256
Q236503,Mello,140,BRA,Brazil,1990,1992,-0.6543071729717174,0.6321966928655256
Q298149,Zedillo,70,MEX,Mexico,1994,2000,-0.6543071729717174,0.6321966928655256
Q312046,Papagos,350,GRC,Greece,1952,1955,-0.6543071729717174,0.6321966928655256
Q369988,Nazimuddin,770,PAK,Pakistan,1951,1953,-0.6543071729717174,0.6321966928655256
Q1568274,Hage Geingob,565,NAM,Namibia,2015,2015,-0.6559778110493236,0.632683917472168
Q2003366,Namaliu,910,PNG,Papua New Guinea,1988,1992,-0.6559778110493236,0.632683917472168
Q220991,Girija Prasad Koirala,790,NPL,Nepal,1991,1994,-0.6559778110493236,0.632683917472168
Q297057,Chiluba,551,ZMB,Zambia,1991,2002,-0.6559778110493236,0.632683917472168
Q422969,Sushil Koirala,790,NPL,Nepal,2014,2015,-0.6559778110493236,0.632683917472168
Q57334,Dimitris Christofias,352,CYP,Cyprus,2008,2013,-0.6559778110493236,0.632683917472168
Q1240,Segni,325,ITA,Italy,1955,1957,-0.6719112247116444,0.6373160448503835
Q202171,Paasikivi,375,FIN,Finland,1946,1956,-0.6719112247116444,0.6373160448503835
Q312722,Holt,900,AUS,Australia,1966,1967,-0.6719112247116444,0.6373160448503835
Q34060,Rabin,666,ISR,Israel,1974,1977,-0.6719112247116444,0.6373160448503835
Q469875,Mohammed Ali,770,PAK,Pakistan,1953,1955,-0.6752284616734372,0.6382770314547337
Q52920,Reinfeldt,380,SWE,Sweden,2006,2014,-0.6752284616734372,0.6382770314547337
Q561837,Mauricio Macri,160,ARG,Argentina,2015,2015,-0.6752284616734372,0.6382770314547337
Q57340,Mswati,572,SWZ,Eswatini,1986,2015,-0.6851216589506026,0.6424490048903897
Q1068511,Chavalit Yongchaiyudh,800,THA,Thailand,1996,1997,-0.6898318077536547,0.6424933263931318
Q114622,Sandiford,53,BRB,Barbados,1987,1994,-0.6898318077536547,0.6424933263931318
Q1230,Cossiga,325,ITA,Italy,1979,1980,-0.6898318077536547,0.6424933263931318
Q128553,Kim Campbell,20,CAN,Canada,1993,1993,-0.6898318077536547,0.6424933263931318
Q128563,Mulroney,20,CAN,Canada,1984,1993,-0.6898318077536547,0.6424933263931318
Q128568,Turner,20,CAN,Canada,1984,1984,-0.6898318077536547,0.6424933263931318
Q128574,Clark,20,CAN,Canada,1979,1980,-0.6898318077536547,0.6424933263931318
Q128967,Heath,200,GBR,United Kingdom,1970,1974,-0.6898318077536547,0.6424933263931318
Q1338879,Williams,52,TTO,Trinidad and Tobago,1962,1981,-0.6898318077536547,0.6424933263931318
Q1361644,Barrow,53,BRB,Barbados,1966,1976,-0.6898318077536547,0.6424933263931318
Q164373,Thaksin Shinawatra,800,THA,Thailand,2001,2006,-0.6898318077536547,0.6424933263931318
Q212058,Levy Mwanawasa,551,ZMB,Zambia,2002,2008,-0.6898318077536547,0.6424933263931318
Q235996,Jenny Shipley,920,NZL,New Zealand,1997,1999,-0.6898318077536547,0.6424933263931318
Q312358,Adolfo Rodriguez Saa,160,ARG,Argentina,2001,2002,-0.6898318077536547,0.6424933263931318
Q315572,Kishi,740,JPN,Japan,1957,1960,-0.6898318077536547,0.6424933263931318
Q3318231,Joko Widodo,850,IDN,Indonesia,2014,2015,-0.6898318077536547,0.6424933263931318
Q345481,De Jong,210,NLD,Netherlands,1967,1971,-0.6898318077536547,0.6424933263931318
Q494930,Matthew Bunker Ridgway,740,JPN,Japan,1951,1952,-0.6898318077536547,0.6424933263931318
Q552751,Mitsotakis,350,GRC,Greece,1990,1993,-0.6898318077536547,0.6424933263931318
Q57783,John Key,920,NZL,New Zealand,2008,2015,-0.6898318077536547,0.6424933263931318
Q663001,"Senanayake, Don",780,LKA,Sri Lanka,1948,1952,-0.6898318077536547,0.6424933263931318
Q887712,Calderon Fournier,94,CRI,Costa Rica,1990,1994,-0.6898318077536547,0.6424933263931318
Q101547,Mbeki,560,ZAF,South Africa,1999,2008,-0.7238316551240448,0.6522171421244903
Q108730328,Pratap Singh,750,IND,India,1989,1990,-0.7238316551240448,0.6522171421244903
Q132596,Taro Aso,740,JPN,Japan,2008,2009,-0.7238316551240448,0.6522171421244903
Q165210,Kim Young Sam,732,KOR,South Korea,1993,1998,-0.7238316551240448,0.6522171421244903
Q193238,Mogae,571,BWA,Botswana,1998,2008,-0.7238316551240448,0.6522171421244903
Q208100,Dini,325,ITA,Italy,1995,1996,-0.7238316551240448,0.6522171421244903
Q2166580,Ramgoolam,590,MUS,Mauritius,1968,1982,-0.7238316551240448,0.6522171421244903
Q221411,Kok,210,NLD,Netherlands,1994,2002,-0.7238316551240448,0.6522171421244903
Q276283,Martin Torrijos,95,PAN,Panama,2004,2009,-0.7238316551240448,0.6522171421244903
Q284443,Chaudhri M. Ali,770,PAK,Pakistan,1955,1956,-0.7238316551240448,0.6522171421244903
Q2877627,U Ba Swe,775,MMR,Myanmar,1956,1957,-0.7238316551240448,0.6522171421244903
Q29021,Koivisto,375,FIN,Finland,1981,1994,-0.7238316551240448,0.6522171421244903
Q316226,Mita,325,ITA,Italy,1988,1989,-0.7238316551240448,0.6522171421244903
Q3195923,Khadga Prasad Sharma Oli,790,NPL,Nepal,2015,2015,-0.7238316551240448,0.6522171421244903
Q324108,Ibrahim Boubacar Keita,432,MLI,Mali,2013,2015,-0.7238316551240448,0.6522171421244903
Q332509,Madhav Kumar Nepal,790,NPL,Nepal,2009,2011,-0.7238316551240448,0.6522171421244903
Q365206,Manning,52,TTO,Trinidad and Tobago,1991,1995,-0.7238316551240448,0.6522171421244903
Q381018,Calderon Sol,92,SLV,El Salvador,1994,1999,-0.7238316551240448,0.6522171421244903
Q42852,Abdullah Gul,640,TUR,Turkey,2002,2003,-0.7238316551240448,0.6522171421244903
Q43179,Johnson Sirleaf,450,LBR,Liberia,2006,2015,-0.7238316551240448,0.6522171421244903
Q464922,Anton Rop,349,SVN,Slovenia,2002,2004,-0.7238316551240448,0.6522171421244903
Q5054729,Cavaco Silva,235,PRT,Portugal,2006,2015,-0.7238316551240448,0.6522171421244903
Q50678,John Mahama,452,GHA,Ghana,2012,2015,-0.7238316551240448,0.6522171421244903
Q51330,Howard,900,AUS,Australia,1996,2007,-0.7238316551240448,0.6522171421244903
Q57449,Ian Khama,571,BWA,Botswana,2008,2015,-0.7238316551240448,0.6522171421244903
Q57772,Sigurdardottir,395,ISL,Iceland,2009,2013,-0.7238316551240448,0.6522171421244903
Q57775,Boyko Borisov,355,BGR,Bulgaria,2009,2013,-0.7238316551240448,0.6522171421244903
Q57836,Navin Ramgoolam,590,MUS,Mauritius,2005,2014,-0.7238316551240448,0.6522171421244903
Q599988,Roch Marc Christian Kabore,439,BFA,Burkina Faso,2015,2015,-0.7238316551240448,0.6522171421244903
Q634551,Robinson,52,TTO,Trinidad and Tobago,1986,1991,-0.7238316551240448,0.6522171421244903
Q744989,Masayoshi Ito,740,JPN,Japan,1980,1980,-0.7238316551240448,0.6522171421244903
Q207,G.W. Bush,2,USA,United States,2001,2009,-0.764611379813871,0.6637005704501212
Q233289,Vajpayee,750,IND,India,1998,2004,-0.764611379813871,0.6637005704501212
Q2514,Brandt,260,DEU,Germany,1969,1974,-0.764611379813871,0.6637005704501212
Q351656,Ishibashi,740,JPN,Japan,1956,1957,-0.764611379813871,0.6637005704501212
Q352004,Vasile,360,ROU,Romania,1998,1999,-0.764611379813871,0.6637005704501212
Q42992,Meir,666,ISR,Israel,1969,1974,-0.764611379813871,0.6637005704501212
Q57641,Orban,310,HUN,Hungary,2010,2015,-0.764611379813871,0.6637005704501212
Q12769,Drees,210,NLD,Netherlands,1948,1958,-0.817164389847793,0.6781937865255191
Q156806,Karamanlis,350,GRC,Greece,1974,1980,-0.817164389847793,0.6781937865255191
Q171834,Moro,325,ITA,Italy,1963,1968,-0.817164389847793,0.6781937865255191
Q208355,Chissano,541,MOZ,Mozambique,1986,2005,-0.817164389847793,0.6781937865255191
Q208477,Sharett,666,ISR,Israel,1953,1955,-0.817164389847793,0.6781937865255191
Q23333,Whitlam,900,AUS,Australia,1972,1975,-0.817164389847793,0.6781937865255191
Q2496,Erhard,260,DEU,Germany,1963,1966,-0.817164389847793,0.6781937865255191
Q2512,Kiesinger,260,DEU,Germany,1966,1969,-0.817164389847793,0.6781937865255191
Q270368,Arturo Illia,160,ARG,Argentina,1963,1966,-0.817164389847793,0.6781937865255191
Q29213,Halonen,375,FIN,Finland,2000,2012,-0.817164389847793,0.6781937865255191
Q29230,Marthi Ahtisaari,375,FIN,Finland,1994,2000,-0.817164389847793,0.6781937865255191
Q313809,Martens,211,BEL,Belgium,1981,1992,-0.817164389847793,0.6781937865255191
Q314006,Mollet,220,FRA,France,1956,1957,-0.817164389847793,0.6781937865255191
Q315500,Prachanda,790,NPL,Nepal,2008,2009,-0.817164389847793,0.6781937865255191
Q315661,Werner,212,LUX,Luxembourg,1959,1974,-0.817164389847793,0.6781937865255191
Q315979,Fraser,900,AUS,Australia,1975,1983,-0.817164389847793,0.6781937865255191
Q318320,den Uyl,210,NLD,Netherlands,1973,1977,-0.817164389847793,0.6781937865255191
Q327013,Faure,220,FRA,France,1955,1956,-0.817164389847793,0.6781937865255191
Q328504,Pflimin,220,FRA,France,1958,1958,-0.817164389847793,0.6781937865255191
Q379827,Prem,800,THA,Thailand,1980,1988,-0.817164389847793,0.6781937865255191
Q40649,Fernandez de Kirchner,160,ARG,Argentina,2007,2015,-0.817164389847793,0.6781937865255191
Q44517,Kreisky,305,AUT,Austria,1970,1983,-0.817164389847793,0.6781937865255191
Q57413,Ouattara,437,CIV,Ivory Coast,2011,2015,-0.817164389847793,0.6781937865255191
Q60206,Ariel Sharon,666,ISR,Israel,2001,2006,-0.817164389847793,0.6781937865255191
Q637012,Holyoake,920,NZL,New Zealand,1960,1972,-0.817164389847793,0.6781937865255191
Q736026,Cals,210,NLD,Netherlands,1965,1966,-0.817164389847793,0.6781937865255191
Q781813,de Quay,210,NLD,Netherlands,1959,1963,-0.817164389847793,0.6781937865255191
Q1425313,Fitzgerald,205,IRL,Ireland,1982,1987,-0.8209208107889073,0.6792160747888267
Q157,Hollande,220,FRA,France,2012,2015,-0.8209208107889073,0.6792160747888267
Q212733,Estrada,840,PHL,Philippines,1998,2001,-0.8209208107889073,0.6792160747888267
Q230578,Cardoso,140,BRA,Brazil,1995,2003,-0.8209208107889073,0.6792160747888267
Q273228,Fanfani,325,ITA,Italy,1960,1963,-0.8209208107889073,0.6792160747888267
Q29008,Gorbach,305,AUT,Austria,1961,1964,-0.8209208107889073,0.6792160747888267
Q297644,Tanaka,740,JPN,Japan,1972,1974,-0.8209208107889073,0.6792160747888267
Q299142,Ikeda,740,JPN,Japan,1960,1964,-0.8209208107889073,0.6792160747888267
Q306,Sebastian Piñera,155,CHL,Chile,2010,2014,-0.8209208107889073,0.6792160747888267
Q311063,Nyrup Rasmussen,390,DNK,Denmark,1993,2001,-0.8209208107889073,0.6792160747888267
Q311207,Georgios Papandreou,350,GRC,Greece,2009,2011,-0.8209208107889073,0.6792160747888267
Q312015,Alexis Tsipras,350,GRC,Greece,2015,2015,-0.8209208107889073,0.6792160747888267
Q315561,Takeshita,740,JPN,Japan,1987,1989,-0.8209208107889073,0.6792160747888267
Q316288,Rumor,325,ITA,Italy,1968,1970,-0.8209208107889073,0.6792160747888267
Q32777,Spidla,316,CZE,Czech Republic,2002,2004,-0.8209208107889073,0.6792160747888267
Q335,Aylwin,155,CHL,Chile,1990,1994,-0.8209208107889073,0.6792160747888267
Q337295,Nordli,385,NOR,Norway,1976,1981,-0.8209208107889073,0.6792160747888267
Q40722,Rousseff,140,BRA,Brazil,2011,2015,-0.8209208107889073,0.6792160747888267
Q43723,Netanyahu,666,ISR,Israel,2009,2015,-0.8209208107889073,0.6792160747888267
Q52922,Bildt,380,SWE,Sweden,1991,1994,-0.8209208107889073,0.6792160747888267
Q561213,Xavier Bettel,212,LUX,Luxembourg,2013,2015,-0.8209208107889073,0.6792160747888267
Q57405,Bambang Yudhoyono,850,IDN,Indonesia,2004,2014,-0.8209208107889073,0.6792160747888267
Q576,Alessandri Rodriguez,155,CHL,Chile,1958,1964,-0.8209208107889073,0.6792160747888267
Q57665,Stoltenberg,385,NOR,Norway,2005,2013,-0.8209208107889073,0.6792160747888267
Q6737124,Maithripala Sirisena,780,LKA,Sri Lanka,2015,2015,-0.8209208107889073,0.6792160747888267
Q7076333,Ochirbat,712,MNG,Mongolia,1990,1997,-0.8209208107889073,0.6792160747888267
Q878508,Hurtado Larrea,130,ECU,Ecuador,1981,1984,-0.8209208107889073,0.6792160747888267
Q664052,Buhl,390,DNK,Denmark,1945,1945,-0.8504317488979742,0.7014963037424854
Q1371619,Pirlog,359,MDA,Moldova,2009,2009,-0.8712606842026664,0.694084832115492
Q162983,Radmila Sekerinska,343,MKD,North Macedonia,2004,2004,-0.8712606842026664,0.694084832115492
Q19281444,Chiril Gaburici,359,MDA,Moldova,2015,2015,-0.8712606842026664,0.694084832115492
Q1990673,Nikola Kljusev,343,MKD,North Macedonia,1991,1992,-0.8712606842026664,0.694084832115492
Q320156,Mkapa,510,TZA,Tanzania,1995,2005,-0.8712606842026664,0.694084832115492
Q355874,Lucinschi,359,MDA,Moldova,1997,2001,-0.8712606842026664,0.694084832115492
Q361581,Mwinyi,510,TZA,Tanzania,1985,1995,-0.8712606842026664,0.694084832115492
Q5018756,John Magufuli,510,TZA,Tanzania,2015,2015,-0.8712606842026664,0.694084832115492
Q57488,Kikwete,510,TZA,Tanzania,2005,2015,-0.8712606842026664,0.694084832115492
Q57685,Vlad Filat,359,MDA,Moldova,2009,2013,-0.8712606842026664,0.694084832115492
Q58087,Iurie Leanca,359,MDA,Moldova,2013,2015,-0.8712606842026664,0.694084832115492
Q6968023,Natalia Gherman,359,MDA,Moldova,2015,2015,-0.8712606842026664,0.694084832115492
Q7911417,Valeriu Strelet,359,MDA,Moldova,2015,2015,-0.8712606842026664,0.694084832115492
Q101137,Yasuo Fukuda,740,JPN,Japan,2007,2008,-0.8759546054880727,0.6939767304603068
Q106963,Abdoulaye Wade,433,SEN,Senegal,2000,2012,-0.8759546054880727,0.6939767304603068
Q107431,Pires,402,CPV,Cape Verde,1975,1991,-0.8759546054880727,0.6939767304603068
Q1150570,"Senanayake, Dudley",780,LKA,Sri Lanka,1965,1970,-0.8759546054880727,0.6939767304603068
Q115442,Doris Leuthard,225,CHE,Switzerland,2010,2010,-0.8759546054880727,0.6939767304603068
Q1224,Ciampi,325,ITA,Italy,1993,1994,-0.8759546054880727,0.6939767304603068
Q122991,Simonetta Sommaruga,225,CHE,Switzerland,2015,2015,-0.8759546054880727,0.6939767304603068
Q1235,Leone,325,ITA,Italy,1963,1963,-0.8759546054880727,0.6939767304603068
Q1237120,Kirk,920,NZL,New Zealand,1972,1974,-0.8759546054880727,0.6939767304603068
Q1240351,Sangster,51,JAM,Jamaica,1967,1967,-0.8759546054880727,0.6939767304603068
Q125731,Barak,666,ISR,Israel,1999,2001,-0.8759546054880727,0.6939767304603068
Q126660,Stolojan,360,ROU,Romania,1991,1992,-0.8759546054880727,0.6939767304603068
Q12950,Poher,220,FRA,France,1969,1969,-0.8759546054880727,0.6939767304603068
Q130852,Junichiro Koizumi,740,JPN,Japan,2001,2006,-0.8759546054880727,0.6939767304603068
Q131077,Hatoyama Yukio,740,JPN,Japan,2009,2010,-0.8759546054880727,0.6939767304603068
Q133009,Brundtland,385,NOR,Norway,1990,1996,-0.8759546054880727,0.6939767304603068
Q133386,Jan Peter Balkenende,210,NLD,Netherlands,2002,2010,-0.8759546054880727,0.6939767304603068
Q1335084,Kristensen,390,DNK,Denmark,1945,1947,-0.8759546054880727,0.6939767304603068
Q1371474,Tsirimokos,350,GRC,Greece,1965,1965,-0.8759546054880727,0.6939767304603068
Q1371543,Pipinelis,350,GRC,Greece,1963,1963,-0.8759546054880727,0.6939767304603068
Q1371769,St. John,53,BRB,Barbados,1985,1986,-0.8759546054880727,0.6939767304603068
Q1381425,Morauta,910,PNG,Papua New Guinea,1999,2002,-0.8759546054880727,0.6939767304603068
Q1390488,Holland,920,NZL,New Zealand,1949,1957,-0.8759546054880727,0.6939767304603068
Q14342,Lee Myung Bak,732,KOR,South Korea,2008,2013,-0.8759546054880727,0.6939767304603068
Q1464,Benigno Aquino III,840,PHL,Philippines,2010,2015,-0.8759546054880727,0.6939767304603068
Q15147,Jorge Batlle,165,URY,Uruguay,2000,2005,-0.8759546054880727,0.6939767304603068
Q151879,Fernando Lugo,150,PRY,Paraguay,2008,2012,-0.8759546054880727,0.6939767304603068
Q152369,Mebazaa,616,TUN,Tunisia,2011,2011,-0.8759546054880727,0.6939767304603068
Q152511,Adami,338,MLT,Malta,1987,1996,-0.8759546054880727,0.6939767304603068
Q153167,Adamkus,368,LTU,Lithuania,1998,2003,-0.8759546054880727,0.6939767304603068
Q155684,Horn,310,HUN,Hungary,1994,1998,-0.8759546054880727,0.6939767304603068
Q158123,Vranitzky,305,AUT,Austria,1986,1997,-0.8759546054880727,0.6939767304603068
Q159840,Lubbers,210,NLD,Netherlands,1982,1994,-0.8759546054880727,0.6939767304603068
Q164582,Landsbergis,368,LTU,Lithuania,1990,1992,-0.8759546054880727,0.6939767304603068
Q1674799,Issoufou,436,NER,Niger,2011,2015,-0.8759546054880727,0.6939767304603068
Q181606,Mavromichalis,350,GRC,Greece,1963,1963,-0.8759546054880727,0.6939767304603068
Q182397,Lars Løkke Rasmussen,390,DNK,Denmark,2009,2011,-0.8759546054880727,0.6939767304603068
Q18352991,Edgar Lungu,551,ZMB,Zambia,2015,2015,-0.8759546054880727,0.6939767304603068
Q1957518,Eugen Bejinariu,360,ROU,Romania,2004,2004,-0.8759546054880727,0.6939767304603068
Q200776,Tassos Nikolaou Papadopoulos,352,CYP,Cyprus,2003,2008,-0.8759546054880727,0.6939767304603068
Q202117,Stanishev,355,BGR,Bulgaria,2005,2009,-0.8759546054880727,0.6939767304603068
Q202209,Amato,325,ITA,Italy,1992,1993,-0.8759546054880727,0.6939767304603068
Q206471,Borut Pahor,349,SVN,Slovenia,2008,2012,-0.8759546054880727,0.6939767304603068
Q207426,Alejandro Toledo,135,PER,Peru,2001,2006,-0.8759546054880727,0.6939767304603068
Q207432,Kumaratunga,780,LKA,Sri Lanka,1994,2005,-0.8759546054880727,0.6939767304603068
Q207655,Bondevik,385,NOR,Norway,2001,2005,-0.8759546054880727,0.6939767304603068
Q208879,Halldor Asgrimsson,395,ISL,Iceland,2004,2006,-0.8759546054880727,0.6939767304603068
Q210715,Aigars Kalvitis,367,LVA,Latvia,2004,2007,-0.8759546054880727,0.6939767304603068
Q210822,Godmanis,367,LVA,Latvia,1990,1993,-0.8759546054880727,0.6939767304603068
Q212751,Brazauskas,368,LTU,Lithuania,1992,1998,-0.8759546054880727,0.6939767304603068
Q212760,Bharrat Jagdeo,110,GUY,Guyana,1999,2011,-0.8759546054880727,0.6939767304603068
Q218661,Desai,750,IND,India,1977,1979,-0.8759546054880727,0.6939767304603068
Q219728,Diouf,433,SEN,Senegal,1981,2000,-0.8759546054880727,0.6939767304603068
Q231946,Mireya Moscoso,95,PAN,Panama,1999,2004,-0.8759546054880727,0.6939767304603068
Q233499,Yoshiro Mori,740,JPN,Japan,2000,2001,-0.8759546054880727,0.6939767304603068
Q23386,McEwen,900,AUS,Australia,1967,1968,-0.8759546054880727,0.6939767304603068
Q239709,Janet Jagan,110,GUY,Guyana,1997,1999,-0.8759546054880727,0.6939767304603068
Q241131,Klaus,305,AUT,Austria,1964,1970,-0.8759546054880727,0.6939767304603068
Q242651,Roh Tae Woo,732,KOR,South Korea,1988,1993,-0.8759546054880727,0.6939767304603068
Q248484,Gujral,750,IND,India,1997,1998,-0.8759546054880727,0.6939767304603068
Q250828,Nakasone,740,JPN,Japan,1982,1987,-0.8759546054880727,0.6939767304603068
Q2518653,Nardone,165,URY,Uruguay,1960,1961,-0.8759546054880727,0.6939767304603068
Q252657,Georgios Rallis,350,GRC,Greece,1980,1981,-0.8759546054880727,0.6939767304603068
Q271473,Indzhova,355,BGR,Bulgaria,1994,1995,-0.8759546054880727,0.6939767304603068
Q2740012,Stefan Löfven,380,SWE,Sweden,2014,2015,-0.8759546054880727,0.6939767304603068
Q29196,Yayi Boni,434,BEN,Benin,2006,2015,-0.8759546054880727,0.6939767304603068
Q293194,Berger Perdomo,90,GTM,Guatemala,2004,2008,-0.8759546054880727,0.6939767304603068
Q294578,Eduardo Duhalde,160,ARG,Argentina,2002,2003,-0.8759546054880727,0.6939767304603068
Q295128,Thorn G.,212,LUX,Luxembourg,1974,1979,-0.8759546054880727,0.6939767304603068
Q296741,Enrique Pena Nieto,70,MEX,Mexico,2012,2015,-0.8759546054880727,0.6939767304603068
Q296956,Paksas,368,LTU,Lithuania,2003,2004,-0.8759546054880727,0.6939767304603068
Q297825,Zeljko Komsic,346,BIH,Bosnia,2011,2014,-0.8759546054880727,0.6939767304603068
Q307473,Laar,366,EST,Estonia,1999,2002,-0.8759546054880727,0.6939767304603068
Q309374,Hashimoto,740,JPN,Japan,1996,1998,-0.8759546054880727,0.6939767304603068
Q310574,Masire,571,BWA,Botswana,1980,1998,-0.8759546054880727,0.6939767304603068
Q311421,Syse,385,NOR,Norway,1989,1990,-0.8759546054880727,0.6939767304603068
Q312058,Colombo,325,ITA,Italy,1970,1972,-0.8759546054880727,0.6939767304603068
Q312355,Bakir Izetbegovic,346,BIH,Bosnia,2014,2014,-0.8759546054880727,0.6939767304603068
Q314004,Tambroni,325,ITA,Italy,1960,1960,-0.8759546054880727,0.6939767304603068
Q315551,Suzuki,740,JPN,Japan,1980,1982,-0.8759546054880727,0.6939767304603068
Q315555,Hosokawa,740,JPN,Japan,1993,1994,-0.8759546054880727,0.6939767304603068
Q315565,Miyazawa,740,JPN,Japan,1991,1993,-0.8759546054880727,0.6939767304603068
Q315579,Kaifu,740,JPN,Japan,1989,1991,-0.8759546054880727,0.6939767304603068
Q315584,Fukuda,740,JPN,Japan,1976,1978,-0.8759546054880727,0.6939767304603068
Q315720,Hata,740,JPN,Japan,1994,1994,-0.8759546054880727,0.6939767304603068
Q316235,Tzannetakis,350,GRC,Greece,1989,1989,-0.8759546054880727,0.6939767304603068
Q317412,Korvald,385,NOR,Norway,1972,1973,-0.8759546054880727,0.6939767304603068
Q3176299,Kolinda Grabar-Kitarovic,344,HRV,Croatia,2015,2015,-0.8759546054880727,0.6939767304603068
Q317675,Miki,740,JPN,Japan,1974,1976,-0.8759546054880727,0.6939767304603068
Q317769,Nanda,750,IND,India,1964,1964,-0.8759546054880727,0.6939767304603068
Q318009,Zolotas,350,GRC,Greece,1989,1990,-0.8759546054880727,0.6939767304603068
Q318298,Carazo Odio,94,CRI,Costa Rica,1978,1982,-0.8759546054880727,0.6939767304603068
Q318334,van Agt,210,NLD,Netherlands,1977,1982,-0.8759546054880727,0.6939767304603068
Q318492,Panagiotis Pikrammenos,350,GRC,Greece,2012,2012,-0.8759546054880727,0.6939767304603068
Q320,Michelle Bachelet,155,CHL,Chile,2006,2010,-0.8759546054880727,0.6939767304603068
Q320963,Pella,325,ITA,Italy,1953,1954,-0.8759546054880727,0.6939767304603068
Q328235,Ramadier,220,FRA,France,1947,1947,-0.8759546054880727,0.6939767304603068
Q328240,Laniel,220,FRA,France,1953,1954,-0.8759546054880727,0.6939767304603068
Q331,Ricardo Lagos Escobar,155,CHL,Chile,2000,2006,-0.8759546054880727,0.6939767304603068
Q333129,Ferrier,115,SUR,Suriname,1975,1980,-0.8759546054880727,0.6939767304603068
Q334679,Bagabandi,712,MNG,Mongolia,1997,2005,-0.8759546054880727,0.6939767304603068
Q336259,Goria,325,ITA,Italy,1987,1988,-0.8759546054880727,0.6939767304603068
Q346658,Frondizi,160,ARG,Argentina,1958,1962,-0.8759546054880727,0.6939767304603068
Q348896,Stanislav Gross,316,CZE,Czech Republic,2004,2005,-0.8759546054880727,0.6939767304603068
Q348901,Hartling,390,DNK,Denmark,1973,1975,-0.8759546054880727,0.6939767304603068
Q349477,"Eyskens, M.",211,BEL,Belgium,1981,1981,-0.8759546054880727,0.6939767304603068
Q356261,McMahon,900,AUS,Australia,1971,1972,-0.8759546054880727,0.6939767304603068
Q356411,Gorton,900,AUS,Australia,1968,1971,-0.8759546054880727,0.6939767304603068
Q356724,Pinay,220,FRA,France,1952,1952,-0.8759546054880727,0.6939767304603068
Q357257,Ramon Puerta,160,ARG,Argentina,2001,2001,-0.8759546054880727,0.6939767304603068
Q360353,Benediktsson,395,ISL,Iceland,1963,1970,-0.8759546054880727,0.6939767304603068
Q360792,Ghannouchi,616,TUN,Tunisia,2011,2011,-0.8759546054880727,0.6939767304603068
Q361173,Sulejman Tihic,346,BIH,Bosnia,2004,2004,-0.8759546054880727,0.6939767304603068
Q365359,Echandi Jimenez,94,CRI,Costa Rica,1958,1962,-0.8759546054880727,0.6939767304603068
Q365395,Manley,51,JAM,Jamaica,1972,1980,-0.8759546054880727,0.6939767304603068
Q366104,Zoli,325,ITA,Italy,1957,1958,-0.8759546054880727,0.6939767304603068
Q367083,Pacheco Areco,165,URY,Uruguay,1967,1972,-0.8759546054880727,0.6939767304603068
Q367342,Scelba,325,ITA,Italy,1954,1955,-0.8759546054880727,0.6939767304603068
Q370856,Ciorbea,360,ROU,Romania,1996,1998,-0.8759546054880727,0.6939767304603068
Q3739767,Bratusek,349,SVN,Slovenia,2013,2014,-0.8759546054880727,0.6939767304603068
Q377870,Gowda,750,IND,India,1996,1997,-0.8759546054880727,0.6939767304603068
Q3785077,Roivas,366,EST,Estonia,2014,2015,-0.8759546054880727,0.6939767304603068
Q380659,Borten,385,NOR,Norway,1965,1971,-0.8759546054880727,0.6939767304603068
Q380970,Zijlstra,210,NLD,Netherlands,1966,1967,-0.8759546054880727,0.6939767304603068
Q381690,Costello,205,IRL,Ireland,1948,1951,-0.8759546054880727,0.6939767304603068
Q38484,Prodi,325,ITA,Italy,1996,1998,-0.8759546054880727,0.6939767304603068
Q39659,Santer,212,LUX,Luxembourg,1984,1995,-0.8759546054880727,0.6939767304603068
Q415745,Moore,920,NZL,New Zealand,1990,1990,-0.8759546054880727,0.6939767304603068
Q4271789,Kotelawala,780,LKA,Sri Lanka,1953,1956,-0.8759546054880727,0.6939767304603068
Q431413,Svetozar Marovic,345,SRB,Yugoslavia/Serbia,2003,2006,-0.8759546054880727,0.6939767304603068
Q434177,Bajuk,349,SVN,Slovenia,2000,2000,-0.8759546054880727,0.6939767304603068
Q434786,Forlani,325,ITA,Italy,1980,1981,-0.8759546054880727,0.6939767304603068
Q440970,Crin Antonescu,360,ROU,Romania,2012,2012,-0.8759546054880727,0.6939767304603068
Q441330,Krag,390,DNK,Denmark,1962,1968,-0.8759546054880727,0.6939767304603068
Q441393,Ricardo Maduro,91,HND,Honduras,2002,2006,-0.8759546054880727,0.6939767304603068
Q455655,Queuille,220,FRA,France,1948,1949,-0.8759546054880727,0.6939767304603068
Q46052,Fogh Rasmussen,390,DNK,Denmark,2001,2009,-0.8759546054880727,0.6939767304603068
Q464301,Leekpai,800,THA,Thailand,1997,2001,-0.8759546054880727,0.6939767304603068
Q469415,Ho Chong,732,KOR,South Korea,1960,1960,-0.8759546054880727,0.6939767304603068
Q470649,Borislav Paravac,346,BIH,Bosnia,2004,2005,-0.8759546054880727,0.6939767304603068
Q470903,Sher Bahadur Deuba,790,NPL,Nepal,1995,1997,-0.8759546054880727,0.6939767304603068
Q471204,Biesheuvel,210,NLD,Netherlands,1971,1973,-0.8759546054880727,0.6939767304603068
Q473526,Filip Dimitrov,355,BGR,Bulgaria,1991,1992,-0.8759546054880727,0.6939767304603068
Q475,Frei Montalva,155,CHL,Chile,1964,1970,-0.8759546054880727,0.6939767304603068
Q485946,"Franco, Itamar",140,BRA,Brazil,1992,1994,-0.8759546054880727,0.6939767304603068
Q503087,Hedtoft,390,DNK,Denmark,1947,1950,-0.8759546054880727,0.6939767304603068
Q51005,John Agyekum Kufuor,452,GHA,Ghana,2001,2009,-0.8759546054880727,0.6939767304603068
Q53733,Ullsten,380,SWE,Sweden,1978,1979,-0.8759546054880727,0.6939767304603068
Q53740,Carlsson,380,SWE,Sweden,1986,1991,-0.8759546054880727,0.6939767304603068
Q540255,Indulis Emsis,367,LVA,Latvia,2004,2004,-0.8759546054880727,0.6939767304603068
Q5448556,Filipe Nyusi,541,MOZ,Mozambique,2015,2015,-0.8759546054880727,0.6939767304603068
Q54820,Enkhbayar,712,MNG,Mongolia,2005,2009,-0.8759546054880727,0.6939767304603068
Q552389,Kyprianou,352,CYP,Cyprus,1977,1988,-0.8759546054880727,0.6939767304603068
Q559756,Dragan Covic,346,BIH,Bosnia,2003,2004,-0.8759546054880727,0.6939767304603068
Q57254,Ollanta Humala,135,PER,Peru,2011,2015,-0.8759546054880727,0.6939767304603068
Q57321,Laura Chinchilla Miranda,94,CRI,Costa Rica,2010,2014,-0.8759546054880727,0.6939767304603068
Q57379,Grybauskaite,368,LTU,Lithuania,2009,2015,-0.8759546054880727,0.6939767304603068
Q57381,Silajdzic,346,BIH,Bosnia,2008,2008,-0.8759546054880727,0.6939767304603068
Q57392,Guebuza,541,MOZ,Mozambique,2005,2015,-0.8759546054880727,0.6939767304603068
Q57421,Elbegdorj,712,MNG,Mongolia,2009,2015,-0.8759546054880727,0.6939767304603068
Q57422,Ramotar,110,GUY,Guyana,2011,2015,-0.8759546054880727,0.6939767304603068
Q57469,Pohamba,565,NAM,Namibia,2005,2015,-0.8759546054880727,0.6939767304603068
Q57496,Federico Franco,150,PRY,Paraguay,2012,2013,-0.8759546054880727,0.6939767304603068
Q57539,Perez Molina,90,GTM,Guatemala,2012,2015,-0.8759546054880727,0.6939767304603068
Q57627,Janez Jansa,349,SVN,Slovenia,2012,2013,-0.8759546054880727,0.6939767304603068
Q57630,Dombrovskis,367,LVA,Latvia,2009,2014,-0.8759546054880727,0.6939767304603068
Q57647,Yoshihiko Noda,740,JPN,Japan,2011,2012,-0.8759546054880727,0.6939767304603068
Q57652,Thorning-Schmidt,390,DNK,Denmark,2011,2015,-0.8759546054880727,0.6939767304603068
Q57675,Najib Tun Razak,820,MYS,Malaysia,2009,2015,-0.8759546054880727,0.6939767304603068
Q57697,Samuel Hinds,110,GUY,Guyana,1997,1997,-0.8759546054880727,0.6939767304603068
Q57732,Mosisili,570,LSO,Lesotho,1998,2012,-0.8759546054880727,0.6939767304603068
Q57792,M. Rutte,210,NLD,Netherlands,2010,2015,-0.8759546054880727,0.6939767304603068
Q5901842,Horacio Cartes,150,PRY,Paraguay,2013,2015,-0.8759546054880727,0.6939767304603068
Q612949,Ter-Petrosyan,371,ARM,Armenia,1991,1998,-0.8759546054880727,0.6939767304603068
Q6401600,Khil Raj Regmi,790,NPL,Nepal,2013,2014,-0.8759546054880727,0.6939767304603068
Q706106,Frieden,212,LUX,Luxembourg,1958,1959,-0.8759546054880727,0.6939767304603068
Q707209,Kiousopoulos,350,GRC,Greece,1952,1952,-0.8759546054880727,0.6939767304603068
Q710950,Eriksen,390,DNK,Denmark,1950,1953,-0.8759546054880727,0.6939767304603068
Q719701,Marijnen,210,NLD,Netherlands,1963,1965,-0.8759546054880727,0.6939767304603068
Q721358,Hansen,390,DNK,Denmark,1955,1960,-0.8759546054880727,0.6939767304603068
Q727237,Baunsgaard,390,DNK,Denmark,1968,1971,-0.8759546054880727,0.6939767304603068
Q728887,Georgakopoulos,350,GRC,Greece,1958,1958,-0.8759546054880727,0.6939767304603068
Q735519,Beel,210,NLD,Netherlands,1946,1948,-0.8759546054880727,0.6939767304603068
Q745045,Mikio Aoki,740,JPN,Japan,2000,2000,-0.8759546054880727,0.6939767304603068
Q78538,Klima,305,AUT,Austria,1997,2000,-0.8759546054880727,0.6939767304603068
Q81144,Mladenov,355,BGR,Bulgaria,1989,1990,-0.8759546054880727,0.6939767304603068
Q82593,Figueres Olsen,94,CRI,Costa Rica,1994,1998,-0.8759546054880727,0.6939767304603068
Q84190,Sinowatz,305,AUT,Austria,1983,1986,-0.8759546054880727,0.6939767304603068
Q862430,Rowling,920,NZL,New Zealand,1974,1975,-0.8759546054880727,0.6939767304603068
Q879007,Berreta,165,URY,Uruguay,1947,1947,-0.8759546054880727,0.6939767304603068
Q887589,Orlich,94,CRI,Costa Rica,1962,1966,-0.8759546054880727,0.6939767304603068
Q887699,Balladares,95,PAN,Panama,1994,1999,-0.8759546054880727,0.6939767304603068
Q9094,Jose Mujica,165,URY,Uruguay,2010,2015,-0.8759546054880727,0.6939767304603068
Q9099,Tabare Vazquez,165,URY,Uruguay,2005,2010,-0.8759546054880727,0.6939767304603068
Q918287,Kampmann,390,DNK,Denmark,1960,1962,-0.8759546054880727,0.6939767304603068
Q927550,Malcolm Turnbull,900,AUS,Australia,2015,2015,-0.8759546054880727,0.6939767304603068
Q93181,Olmert,666,ISR,Israel,2006,2009,-0.8759546054880727,0.6939767304603068
Q936831,Sanchez Ceren,92,SLV,El Salvador,2014,2015,-0.8759546054880727,0.6939767304603068
Q945927,Dupong,212,LUX,Luxembourg,1945,1953,-0.8759546054880727,0.6939767304603068
Q950958,Charles Michel,211,BEL,Belgium,2014,2015,-0.8759546054880727,0.6939767304603068
Q960031,Birkavs,367,LVA,Latvia,1993,1994,-0.8759546054880727,0.6939767304603068
Q982207,Dahanayake,780,LKA,Sri Lanka,1959,1960,-0.8759546054880727,0.6939767304603068
Q982324,Shearer,51,JAM,Jamaica,1967,1972,-0.8759546054880727,0.6939767304603068
Q983140,Olivier,338,MLT,Malta,1962,1971,-0.8759546054880727,0.6939767304603068
Q983971,Thabane,570,LSO,Lesotho,2012,2015,-0.8759546054880727,0.6939767304603068
Q984037,Thoroddsen,395,ISL,Iceland,1980,1983,-0.8759546054880727,0.6939767304603068
