qid,leader,ccode,iso3,country,start_year,end_year,theta,theta_se,theta_inst,theta_cult,gwf_regimetype,gwf_personal,gwf_years_matched
Q8620,Nkrumah,452,GHA,Ghana,1952,1966,2.4032827328201316,0.5305262172458614,0.7988315975482368,0.7014926720772383,party-personal,1.0,6
Q1109,Kim Il-sung,731,PRK,North Korea,1948,1994,2.3081165836315134,0.5918346560744914,-6.109602060247135e-17,0.6895001989726728,party-personal,1.0,46
Q184945,Banda,553,MWI,Malawi,1964,1994,2.1416759534662653,0.4997127798112981,0.92172377061383,0.4323553858915699,personal,1.0,30
Q173563,Kenyatta,501,KEN,Kenya,1963,1978,2.1353862793593237,0.5341039214240183,-0.5074636972550166,0.8024709793937295,party-based,0.0,15
Q5765,Kim Jong-il,731,PRK,North Korea,1994,2011,2.0340588935213972,0.5747918859605395,-8.813835443414952e-17,0.7910733533369683,party-personal,1.0,17
Q160318,Sihanouk,811,KHM,Cambodia,1953,1970,2.0217956133432304,0.480541634466031,1.3458678424310355,-1.1042842082982591,monarchy,0.0,17
Q186525,Nyerere,510,TZA,Tanzania,1961,1985,1.902300051810054,0.5409804879904858,0.0878883008661669,0.9388621617655656,party-based,0.0,21
Q191375,Sheikh Mujib Rahman,771,BGD,Bangladesh,1972,1975,1.850719506397737,0.5096122737843348,-0.3636709609188742,0.4902191470161535,party-personal,1.0,4
Q643348,Ben Ali Bourguiba,616,TUN,Tunisia,1957,1987,1.7309264792806427,0.4900252525866742,1.1073443542993489,0.5849266328268495,party-based,0.0,31
Q146906,Hussein Ibn Talal El-Hashim,663,JOR,Jordan,1952,1999,1.708803419299519,0.495175383624244,-0.4238499672153837,-0.5307492988577406,monarchy,0.0,48
Q69103,Hassan II,600,MAR,Morocco,1961,1999,1.708803419299519,0.495175383624244,-0.4238499672153837,-0.5307492988577406,monarchy,0.0,39
Q10707,Mugabe,552,ZWE,Zimbabwe,1980,2015,1.6944055063266228,0.505400846794231,-0.4219482077177592,0.3768346696139077,party-based,0.0,30
Q1316,Saddam Hussein,645,IRQ,Iraq,1979,2003,1.6757727858276463,0.5380145181646808,-0.4205441567032254,1.220894200237459,personal,1.0,25
Q82918,Niyazov,701,TKM,Turkmenistan,1990,2006,1.6726692017065143,0.5155837163448269,1.4777226276444129,1.2198797875652314,party-personal,1.0,15
Q76127,Sukarno,850,IDN,Indonesia,1949,1966,1.6657767893857771,0.4860649347595531,1.1389446995931531,0.4654386028876181,personal,1.0,17
Q9161,Tito,345,SRB,Yugoslavia/Serbia,1945,1980,1.6520591856187226,0.4924699138624919,1.156255916286172,0.6709585887413131,party-based,0.0,35
Q57553,Muhammad VI,600,MAR,Morocco,1999,2015,1.5843588210716342,0.506158065860975,-0.4041347783654796,-0.7467350084805311,monarchy,0.0,12
Q57385,Nguema Mbasogo,411,GIN,Guinea,1979,2015,1.518726880673018,0.507548724509842,-0.3941513023817372,0.3599005376428127,,,0
Q181665,Neto,540,AGO,Angola,1975,1979,1.5124284426757542,0.5090338376608343,-0.2999943685686385,-0.6646423922400602,party-based,0.0,4
Q57331,Qabus Bin Said,698,OMN,Oman,1970,2015,1.4839901387172427,0.4933340339518125,0.7179636291352124,-0.6399320164322517,monarchy,0.0,41
Q57537,Letsie III,570,LSO,Lesotho,1994,1994,1.4532194539967074,0.5109054526221279,-0.384646492737663,-0.4604536568942086,,,0
Q203633,Ceausescu,360,ROU,Romania,1967,1989,1.4431563085525294,0.5770039098614439,-0.3359185820732355,1.2861993326460517,party-personal,1.0,23
Q5816,Mao Tse-Tung,710,CHN,China,1949,1976,1.44226159602411,0.5443293213156118,-0.3847469300066809,1.3422468658634603,party-based,0.0,27
Q105480,Kaunda,551,ZMB,Zambia,1964,1991,1.428322592114359,0.509087807323538,-0.2859695221629987,0.3342704387505137,party-based,0.0,24
Q36014,Ho Chi Minh,816,VNM,Vietnam,1945,1969,1.4146627325811942,0.5559472595757355,0.0702461412313987,1.3926830306355686,party-based,0.0,15
Q164535,Mobutu,490,COD,Congo-Kinshasa,1965,1997,1.3352606064038222,0.5072686805953406,1.309249032741736,1.097544573369038,personal,1.0,33
Q16220,Francois Duvalier,41,HTI,Haiti,1957,1971,1.3221205149125297,0.5579009989398725,-0.3140833037587976,0.8761584493380403,personal,1.0,14
Q57583,Hafez al-Assad,652,SYR,Syria,1971,2000,1.3221205149125297,0.5579009989398725,-0.3140833037587976,0.8761584493380403,party-personal-military,1.0,30
Q56226,Kim Jong Un,731,PRK,North Korea,2011,2015,1.2949351333689028,0.5407433340961494,-0.0854145048254837,1.0033835099959505,,,0
Q57336,Khamenei,630,IRN,Iran,1989,1989,1.2763606731592227,0.5273139869752206,-0.3613608817651068,0.820319788852271,,0.0,1
Q186111,Rafsanjani,630,IRN,Iran,1989,1997,1.2679477616099044,0.52009987395273,-0.359927195046671,-0.0499510535728042,,0.0,9
Q361567,Buhari,475,NGA,Nigeria,1983,1985,1.2679477616099044,0.52009987395273,-0.359927195046671,-0.0499510535728042,military,0.0,2
Q19943,Juan Carlos,230,ESP,Spain,1975,1975,1.2671945128003317,0.501218891667962,0.7964085048897291,-0.0488295768641246,personal,1.0,1
Q202155,Sankara,439,BFA,Burkina Faso,1983,1987,1.265372285636849,0.5326675740947003,-0.2617898769890416,1.0024192073533942,personal,1.0,5
Q19878,Qaddafi,620,LBY,Libya,1969,2011,1.2571616979539957,0.535070327268249,-0.359271258523735,1.0356855681774473,personal,1.0,42
Q57291,Mwai Kibaki,501,KEN,Kenya,2002,2013,1.237093271926898,0.5229208393479309,-0.2571690618845617,0.6336487123205028,party-based,0.0,1
Q181586,Bingu wa Mutharika,553,MWI,Malawi,2004,2012,1.2105976498144717,0.5529707238481352,-0.3541266124098775,-1.0828738036501249,,,0
Q193492,Moi,501,KEN,Kenya,1978,2002,1.2105976498144717,0.5529707238481352,-0.3541266124098775,-1.0828738036501249,party-based,0.0,25
Q4534,Stalin,365,RUS,Russia,1946,1953,1.1732607953033622,0.588031752460837,-0.291425338618176,1.4438816975779774,party-based,0.0,8
Q58422,Hoxha,339,ALB,Albania,1946,1985,1.1732607953033622,0.588031752460837,-0.291425338618176,1.4438816975779774,party-based,0.0,40
Q181383,Mahatir Bin Mohammad,820,MYS,Malaysia,1981,2003,1.165051518721816,0.5323392672371972,-0.2473051252921087,-0.2086607226130781,party-based,0.0,23
Q29179,Franco,230,ESP,Spain,1946,1975,1.1574301415531745,0.5640837514040983,0.8566534648908294,1.4524916865486577,personal,1.0,30
Q157451,H. Aliyev,373,AZE,Azerbaijan,1993,2003,1.1556816337554878,0.5158276277175196,0.8453164790658579,0.978303526687046,personal,1.0,10
Q28517,Zhivkov,355,BGR,Bulgaria,1956,1989,1.146378790709064,0.5337205649486226,-0.345669321034898,0.8920493396369112,party-based,0.0,34
Q57788,Hun Sen,811,KHM,Cambodia,1997,2015,1.1392226666388223,0.5125460077450689,1.6400941268617244,-0.5149392020851868,party-based,0.0,14
Q367825,Salman bin Abdulaziz Al Saud,670,SAU,Saudi Arabia,2015,2015,1.136320413787209,0.5174682049140776,0.8537435256992875,-0.2752405440910458,,,0
Q457201,Ndadaye,516,BDI,Burundi,1993,1993,1.1267972124398902,0.5426797116706964,-0.2424827243707798,-0.4292367066146198,military,0.0,1
Q58132,Maduro,101,VEN,Venezuela,2012,2015,1.1208591115478217,0.5309724053992871,-0.3425728256372338,0.725089174091892,,,0
Q38823,Ayatollah Khomeini,630,IRN,Iran,1979,1989,1.1201465140050813,0.5580105998196044,-0.2423968717064899,1.5754111551912264,,0.0,11
Q7747,Putin,365,RUS,Russia,2000,2015,1.1201465140050813,0.5580105998196044,-0.2423968717064899,1.5754111551912264,personal,1.0,11
Q192927,Trujillo,42,DOM,Dominican Republic,1946,1961,1.0722469621473998,0.5720757690549391,-0.2753581528881635,1.0779584222109588,personal,1.0,16
Q4076,Brezhnev,365,RUS,Russia,1964,1982,1.0722469621473998,0.5720757690549391,-0.2753581528881635,1.0779584222109588,party-based,0.0,19
Q198313,Ziaur Rahman,771,BGD,Bangladesh,1975,1981,1.069022467828202,0.5406669659590498,-0.3370428086922635,-0.0849059599681818,personal,1.0,7
Q44819,Suharto,850,IDN,Indonesia,1966,1998,1.06567500187076,0.538203333867871,-0.2342065101676171,0.9834139449311544,party-personal-military,1.0,33
Q193874,Mohammed V,600,MAR,Morocco,1956,1961,1.0502493403079445,0.5374493051475643,-0.3348498517690638,0.1381531256333149,monarchy,0.0,5
Q296317,Rahman,820,MYS,Malaysia,1959,1970,1.0502493403079445,0.5374493051475643,-0.3348498517690638,0.1381531256333149,party-based,0.0,12
Q44329,Bashar al-Assad,652,SYR,Syria,2000,2015,1.0481457084249224,0.537221712035303,-0.3346512455533103,0.8738080981459425,party-personal-military,1.0,11
Q381817,Ranariddh,811,KHM,Cambodia,1993,1997,1.0365940283747217,0.5230269464485273,1.676051935197735,-0.5592775355666063,party-based,0.0,5
Q39464,Pol Pot,811,KHM,Cambodia,1975,1979,1.0216398575511705,0.5083956473590769,1.691989126278287,0.9291769047970542,party-based,0.0,5
Q200273,"Wangchuck, Jigme Singye",760,UNK,COW-760,1972,1998,0.9849392462473328,0.5891646715630389,-0.096031473060926,-0.9990250893533488,,,0
Q298020,"Wangchuk, Jigme Dorji",760,UNK,COW-760,1952,1972,0.9849392462473328,0.5891646715630389,-0.096031473060926,-0.9990250893533488,,,0
Q57394,Nazarbayev,705,KAZ,Kazakhstan,1990,2015,0.984385334605806,0.5567876558739895,-0.2246525776737437,1.4796843095788526,personal,1.0,19
Q2866,Lukashenko,370,BLR,Belarus,1994,2015,0.9604101850521544,0.5203615543771528,0.9518771565441702,0.8494530908127778,personal,1.0,17
Q128245,Mohammad Reza,630,IRN,Iran,1953,1979,0.958092770637962,0.5441886965992845,-0.3253016141309164,0.261814026092676,monarchy,0.0,27
Q312716,Jawara,420,GMB,Gambia,1965,1994,0.9542663132246352,0.529126841020596,1.715805986710342,-0.4709393741870096,party-based,0.0,29
Q30487,Gorbachev,365,RUS,Russia,1985,1991,0.9444779780686606,0.5519358070749872,-0.2195226321431633,1.3146680328294524,party-based,0.0,7
Q57643,Lee Hsien Loong,830,SGP,Singapore,2004,2015,0.9390650120912448,0.5414847128487105,-0.323281025500543,0.7645294446682702,party-based,0.0,7
Q296054,Gottwald,315,CZE,Czechoslovakia,1948,1953,0.9304021562671368,0.5476764684941757,-0.2176344863400106,1.1554451182046106,party-based,0.0,5
Q183187,Fahd,670,SAU,Saudi Arabia,1982,1996,0.917403658227772,0.5373222641718297,0.9477335591653292,-0.121780336553134,monarchy,0.0,15
Q57298,Abdullah ibn Abdilaziz,670,SAU,Saudi Arabia,1996,2015,0.917403658227772,0.5373222641718297,0.9477335591653292,-0.121780336553134,monarchy,0.0,15
Q373628,Ramat Mohammed,475,NGA,Nigeria,1975,1976,0.9105610260235196,0.5457118099432893,-0.2151759677581619,1.036302230256955,military,0.0,2
Q172083,Bongo,481,GAB,Gabon,1967,2009,0.8962570599479073,0.5456096230156969,-0.319154140631741,0.936524240933386,party-personal,1.0,43
Q202006,Obasanjo,475,NGA,Nigeria,1999,2007,0.8869475264637514,0.5628157552647778,-0.3187952053244651,-0.0994914776529447,military-personal,1.0,1
Q469498,Souvanna Phouma,812,LAO,Laos,1964,1975,0.8378272672310003,0.5734542042696004,0.0503743267181459,-0.0359703436315585,,,0
Q299559,Taraki,700,AFG,Afghanistan,1978,1979,0.8346766128146293,0.55211854278303,-0.2066387334960041,1.192274134559124,party-personal,1.0,2
Q16213,Fidel Castro,40,CUB,Cuba,1959,2008,0.8327091486955621,0.5899510262707608,-0.2427701334850705,0.2383047296387201,party-personal,1.0,50
Q313110,Mahendra,790,NPL,Nepal,1955,1972,0.8300604064950219,0.5631548889860879,-0.3133293629762192,0.0964625148541259,monarchy,0.0,18
Q1463,Marcos,840,PHL,Philippines,1965,1986,0.8182117785444211,0.5516739661800595,-0.3118794730208867,1.0884425761381074,personal,1.0,14
Q192502,Ngo Dinh Diem,817,VNM,Vietnam,1954,1963,0.7620380841438921,0.5737929290417085,-0.103470672217431,0.2054454179289106,personal,1.0,9
Q16977,Deng Xiaoping,710,CHN,China,1980,1997,0.7471702882439628,0.5579005571473266,-0.3055760266917718,0.600227541365406,party-based,0.0,18
Q34413,Benazir Bhutto,770,PAK,Pakistan,1993,1996,0.7471702882439628,0.5579005571473266,-0.3055760266917718,0.600227541365406,,,0
Q37040,Salazar,235,PRT,Portugal,1946,1968,0.7420870516947845,0.5990759368218999,-0.231695295372809,1.576251666356553,personal,1.0,23
Q155074,Georgi Dimitrov,355,BGR,Bulgaria,1946,1949,0.7360171333887787,0.5687683378183156,-0.1964657329138871,1.6735413388683231,party-based,0.0,4
Q2628,Ulbricht,265,DEU,Germany,1950,1971,0.7360171333887787,0.5687683378183156,-0.1964657329138871,1.6735413388683231,party-based,0.0,22
Q63831,Amin,700,AFG,Afghanistan,1979,1979,0.7353868000841501,0.5586789454144803,-0.1959956048078469,1.3208867646938802,party-personal,1.0,1
Q319943,Quirrino,840,PHL,Philippines,1948,1953,0.730593378759855,0.5631008064682559,-0.1955876299301678,0.4311271859922811,,,0
Q161184,Meles Zenawi,530,ETH,Ethiopia,1991,2012,0.7181067644847481,0.5558589865060893,-0.1940496851972333,1.0810427574201185,party-based,0.0,20
Q307871,al-Sisi,651,EGY,Egypt,2014,2015,0.7181067644847481,0.5558589865060893,-0.1940496851972333,1.0810427574201185,,,0
Q16597,Jiang Zemin,710,CHN,China,1997,2003,0.7180713253094745,0.5582306328825551,-0.3030618979077075,1.216586498505416,party-based,0.0,7
Q189732,Kravchuk,369,UKR,Ukraine,1990,1994,0.6934891202113445,0.5395773868736546,2.6057904301547783,0.6084059091631429,,,0
Q238745,Menderes,640,TUR,Turkey,1950,1960,0.6896702806171794,0.5738128702608353,-0.3010462346453322,0.2796333377701528,party-based,0.0,4
Q47272,Khrushchev,365,RUS,Russia,1953,1964,0.6861815507406221,0.5903932725372266,-0.2244986135811434,1.297611636513723,party-based,0.0,12
Q209828,Siad Barre,520,SOM,Somalia,1969,1991,0.6647978959364825,0.5392834106127781,1.0774651485718667,1.2813108808758369,personal,1.0,22
Q348144,Rouhani,630,IRN,Iran,2013,2015,0.6455861344957717,0.5766401652374822,-0.1872670466117548,0.3255600431627081,,,0
Q152777,Plaek Pibulsongkram,800,THA,Thailand,1947,1957,0.6306869615267009,0.5700035471840857,-0.1855627417788919,0.5634072031808753,military-personal,1.0,11
Q39524,Nasser,651,EGY,Egypt,1954,1970,0.6306869615267009,0.5700035471840857,-0.1855627417788919,0.5634072031808753,party-personal-military,1.0,17
Q57340,Mswati,572,SWZ,Eswatini,1986,2015,0.610744295326391,0.6155520404769204,-0.1078656530367769,-0.289861761813773,monarchy,0.0,25
Q34453,Yeltsin,365,RUS,Russia,1991,1999,0.5888183246537553,0.5676631361875775,-0.1814300671677927,1.5038762439467952,personal,1.0,7
Q42013,Sadat,651,EGY,Egypt,1970,1981,0.5888183246537553,0.5676631361875775,-0.1814300671677927,1.5038762439467952,party-personal-military,1.0,12
Q149724,Faisal II,645,IRQ,Iraq,1953,1958,0.5819127224464776,0.6123951595089745,-0.2932807063736047,-0.2718502929897811,monarchy,0.0,6
Q2108126,Prayuth Chan-ocha,800,THA,Thailand,2014,2015,0.5819127224464776,0.6123951595089745,-0.2932807063736047,-0.2718502929897811,,,0
Q298088,Wongsawat,800,THA,Thailand,2008,2008,0.5819127224464776,0.6123951595089745,-0.2932807063736047,-0.2718502929897811,,,0
Q469507,Mara,950,FJI,Fiji,1987,1992,0.5819127224464776,0.6123951595089745,-0.2932807063736047,-0.2718502929897811,,,0
Q55834,Jaruzelski,290,POL,Poland,1981,1990,0.5819127224464776,0.6123951595089745,-0.2932807063736047,-0.2718502929897811,party-based,0.0,9
Q718256,Burnham,110,GUY,Guyana,1966,1985,0.5564253050357235,0.5726132624701123,-0.1784313203435218,0.7360529612809035,,,0
Q220991,Girija Prasad Koirala,790,NPL,Nepal,1991,1994,0.555949368220216,0.6386559276522976,-0.1805321634670394,-0.7938277919302399,monarchy,0.0,1
Q297057,Chiluba,551,ZMB,Zambia,1991,2002,0.555949368220216,0.6386559276522976,-0.1805321634670394,-0.7938277919302399,party-based,0.0,7
Q191543,Bokassa,482,CAF,Central African Republic,1966,1979,0.545756807028516,0.6179649747168415,-0.2091400797345945,0.4517418182041183,personal,1.0,14
Q151929,Shevardnadze,372,GEO,Georgia,1992,2003,0.5427699563623597,0.5705051738903727,1.864433200206873,-0.5825734314804597,personal,1.0,12
Q57356,Jammeh,420,GMB,Gambia,1994,2015,0.5427699563623597,0.5705051738903727,1.864433200206873,-0.5825734314804597,personal,1.0,17
Q171684,Rhee,732,KOR,South Korea,1948,1960,0.5321007645505172,0.5981309948724589,-0.1769249726488748,0.1691899769212761,personal,1.0,12
Q131355,Bhutto,770,PAK,Pakistan,1971,1977,0.5213289852440397,0.5817068686273189,-0.287673538022057,0.6028536548220409,personal,1.0,3
Q41570,Hua Guofeng,710,CHN,China,1976,1980,0.5088502501727279,0.5737574141462745,-0.1740748147793766,1.6707276061818968,party-based,0.0,5
Q310247,Sardar Mohammad Daud Khan,700,AFG,Afghanistan,1953,1963,0.486768583886947,0.6213078380584128,-0.173447405637983,-0.1783649279019893,monarchy,0.0,11
Q57343,Nkurunziza,516,BDI,Burundi,2005,2015,0.486768583886947,0.6213078380584128,-0.173447405637983,-0.1783649279019893,,,0
Q605414,Gerard Kango Ouedraogo,439,BFA,Burkina Faso,1971,1974,0.486768583886947,0.6213078380584128,-0.173447405637983,-0.1783649279019893,personal,1.0,4
Q887812,Momoh,451,SLE,Sierra Leone,1985,1992,0.486768583886947,0.6213078380584128,-0.173447405637983,-0.1783649279019893,party-based,0.0,8
Q59471,Shishakli,652,SYR,Syria,1949,1954,0.4862671264635371,0.570370408034519,-0.1718796484942096,1.419459220504149,military,0.0,5
Q218435,Gamsakhurdia,372,GEO,Georgia,1991,1992,0.4808499814362,0.5507090001129186,1.8868641706855565,0.1884590207955979,personal,1.0,1
Q116430,Idris,620,LBY,Libya,1951,1969,0.4764607567211588,0.5957834542838603,-0.1717172842338703,0.3817337073400079,monarchy,0.0,18
Q131248,Lee Kuan Yew,830,SGP,Singapore,1959,1990,0.4764607567211588,0.5957834542838603,-0.1717172842338703,0.3817337073400079,party-based,0.0,25
Q272588,Ahmad Badawi,820,MYS,Malaysia,2003,2009,0.4764607567211588,0.5957834542838603,-0.1717172842338703,0.3817337073400079,party-based,0.0,7
Q315953,Ratsiraka,580,MDG,Madagascar,1975,1993,0.4764607567211588,0.5957834542838603,-0.1717172842338703,0.3817337073400079,personal,1.0,19
Q57371,Ilhma Aliyev,373,AZE,Azerbaijan,2003,2015,0.4359498299297794,0.6151580285219617,1.14285785432607,-0.5364681358221305,personal,1.0,8
Q381928,Tribhuvan,790,NPL,Nepal,1951,1955,0.43405355479917,0.6249965683947868,-0.2823567337238655,-0.0746603763765189,monarchy,0.0,5
Q57413,Ouattara,437,CIV,Ivory Coast,2011,2015,0.43405355479917,0.6249965683947868,-0.2823567337238655,-0.0746603763765189,,,0
Q295713,L. Khan,770,PAK,Pakistan,1948,1951,0.4292562995594286,0.5876520020241565,-0.167267128745911,0.703138185471107,oligarchy,0.0,4
Q368,Pinochet,155,CHL,Chile,1973,1990,0.4048023809686237,0.5822627965870238,-0.1649861565640563,0.9243831484524856,military-personal,1.0,16
Q218443,Anastasio Somoza Debayle,93,NIC,Nicaragua,1967,1979,0.3939897323282852,0.6184889722964967,-0.2793184480619033,0.1677765428582577,personal,1.0,13
Q312622,Anastasio Somoza Garcia,93,NIC,Nicaragua,1947,1956,0.3939897323282852,0.6184889722964967,-0.2793184480619033,0.1677765428582577,personal,1.0,10
Q529610,Luis Somoza Debayle,93,NIC,Nicaragua,1956,1963,0.3939897323282852,0.6184889722964967,-0.2793184480619033,0.1677765428582577,personal,1.0,8
Q561177,Kriangsak,800,THA,Thailand,1977,1980,0.371827536941299,0.6027474468079292,-0.1627354352561091,0.5236959924684013,military-personal,1.0,4
Q724156,Jagan Cheddi,110,GUY,Guyana,1992,1997,0.371827536941299,0.6027474468079292,-0.1627354352561091,0.5236959924684013,,,0
Q466001,Le Duan,816,VNM,Vietnam,1969,1986,0.3523244854783208,0.6101411002688405,0.036232035517742,0.5533830884520516,party-based,0.0,18
Q162306,Birendra,790,NPL,Nepal,1972,1990,0.3380219775671132,0.6609659558786374,-0.2765514089584333,-0.4975754319795693,monarchy,0.0,19
Q201327,Gyanendra,790,NPL,Nepal,2005,2006,0.3380219775671132,0.6609659558786374,-0.2765514089584333,-0.4975754319795693,monarchy,0.0,2
Q204487,Zine Al-Abidine Ben Ali,616,TUN,Tunisia,1987,2011,0.3380219775671132,0.6609659558786374,-0.2765514089584333,-0.4975754319795693,party-based,0.0,24
Q206479,Emile Lahoud,660,LBN,Lebanon,1998,2007,0.3380219775671132,0.6609659558786374,-0.2765514089584333,-0.4975754319795693,,,0
Q336218,Soglo,434,BEN,Benin,1965,1967,0.3380219775671132,0.6609659558786374,-0.2765514089584333,-0.4975754319795693,military,0.0,3
Q57402,Daniel Ortega,93,NIC,Nicaragua,1979,1990,0.3380219775671132,0.6609659558786374,-0.2765514089584333,-0.4975754319795693,party-based,0.0,12
Q627267,Mwambutsa,516,BDI,Burundi,1962,1966,0.3380219775671132,0.6609659558786374,-0.2765514089584333,-0.4975754319795693,monarchy,0.0,4
Q886540,Siles Salinas,145,BOL,Bolivia,1969,1969,0.3380219775671132,0.6609659558786374,-0.2765514089584333,-0.4975754319795693,personal,1.0,1
Q155824,Kubitschek,140,BRA,Brazil,1956,1961,0.3353340418334399,0.6339339106521236,-0.1605514634241276,0.0209419616921552,,,0
Q177917,Nagy,310,HUN,Hungary,1956,1956,0.3353340418334399,0.6339339106521236,-0.1605514634241276,0.0209419616921552,party-based,0.0,1
Q190071,Ayub Khan,770,PAK,Pakistan,1958,1969,0.3353340418334399,0.6339339106521236,-0.1605514634241276,0.0209419616921552,military-personal,1.0,12
Q3346340,Syed Nazrul Islam,771,BGD,Bangladesh,1971,1972,0.3353340418334399,0.6339339106521236,-0.1605514634241276,0.0209419616921552,party-personal,1.0,1
Q5621,Idi Amin,500,UGA,Uganda,1971,1979,0.3234842417906555,0.6821654790232786,-0.1878336575930884,-0.0591807463690871,personal,1.0,9
Q161672,Lumumba,490,COD,Congo-Kinshasa,1960,1960,0.3232920812225434,0.606457841960652,-0.1587741737425446,0.5767620635241888,,,0
Q294430,Castello Branco,140,BRA,Brazil,1964,1967,0.3232920812225434,0.606457841960652,-0.1587741737425446,0.5767620635241888,military,0.0,3
Q296679,Dutra,140,BRA,Brazil,1946,1951,0.3232920812225434,0.606457841960652,-0.1587741737425446,0.5767620635241888,,,0
Q471315,Parri,325,ITA,Italy,1945,1945,0.3232920812225434,0.606457841960652,-0.1587741737425446,0.5767620635241888,,,0
Q152534,Stroessner,150,PRY,Paraguay,1954,1989,0.2957462146823462,0.6266152014746739,-0.157072297581096,0.2656205222627907,party-personal-military,1.0,36
Q202553,Than Shwe,775,MMR,Myanmar,1992,2011,0.2957462146823462,0.6266152014746739,-0.157072297581096,0.2656205222627907,military,0.0,19
Q313300,Goh Chok Tong,830,SGP,Singapore,1990,2004,0.2957462146823462,0.6266152014746739,-0.157072297581096,0.2656205222627907,party-based,0.0,15
Q315522,Ne Win,775,MMR,Myanmar,1962,1988,0.2957462146823462,0.6266152014746739,-0.157072297581096,0.2656205222627907,military-personal,1.0,26
Q57274,Museveni,500,UGA,Uganda,1986,2015,0.2884398200790734,0.6258006048089617,-0.272321476302752,0.3149056960527631,personal,1.0,24
Q57373,Zardari,770,PAK,Pakistan,2008,2013,0.2884398200790734,0.6258006048089617,-0.272321476302752,0.3149056960527631,military-personal,1.0,1
Q313400,Lon Nol,811,KHM,Cambodia,1970,1975,0.2724324503746694,0.5811903575559737,1.966715076563393,-0.504299347401112,personal,1.0,6
Q379197,Heng Samrin,811,KHM,Cambodia,1979,1985,0.2724324503746694,0.5811903575559737,1.966715076563393,-0.504299347401112,party-based,0.0,7
Q969062,Ioseliani,372,GEO,Georgia,1992,1992,0.2724324503746694,0.5811903575559737,1.966715076563393,-0.504299347401112,personal,1.0,1
Q365172,Arias Navarro,230,ESP,Spain,1975,1976,0.251964682424613,0.6193620870872485,1.2414111146060385,-0.0834775774684437,personal,1.0,2
Q58077,Petro Poroshenko,369,UKR,Ukraine,2014,2015,0.2501536317830672,0.6159321080144515,2.6361538977340255,-0.4993903874933373,,,0
Q310855,Boumedienne,615,DZA,Algeria,1965,1978,0.2148131407489445,0.6131371021843317,-0.1502887232911561,0.7213209164800538,party-military,0.0,14
Q52183,Hasina Wazed,771,BGD,Bangladesh,2009,2015,0.2148131407489445,0.6131371021843317,-0.1502887232911561,0.7213209164800538,,,0
Q469875,Mohammed Ali,770,PAK,Pakistan,1953,1955,0.1880328971439202,0.633809701265643,-0.1487645764695935,0.4142693274765367,oligarchy,0.0,3
Q557995,Kayibanda,517,RWA,Rwanda,1961,1973,0.1880328971439202,0.633809701265643,-0.1487645764695935,0.4142693274765367,party-based,0.0,11
Q57308,Bouteflika,615,DZA,Algeria,1999,2015,0.1880328971439202,0.633809701265643,-0.1487645764695935,0.4142693274765367,military,0.0,12
Q273259,Dzeliwe Shongwe,572,SWZ,Eswatini,1982,1983,0.1847030021227141,0.6681111845289397,0.0324150586673437,-0.0551482592567135,monarchy,0.0,2
Q57444,Sayasone,812,LAO,Laos,2006,2015,0.1847030021227141,0.6681111845289397,0.0324150586673437,-0.0551482592567135,party-based,0.0,5
Q739795,Nguyen Van Linh,816,VNM,Vietnam,1986,1991,0.1847030021227141,0.6681111845289397,0.0324150586673437,-0.0551482592567135,party-based,0.0,6
Q1068511,Chavalit Yongchaiyudh,800,THA,Thailand,1996,1997,0.1539212181013835,0.6647991755805044,-0.1469957884860511,-0.0387199350050526,,,0
Q1373905,Thawan Thamrongnawasawat,800,THA,Thailand,1946,1947,0.1539212181013835,0.6647991755805044,-0.1469957884860511,-0.0387199350050526,personal,1.0,2
Q16140300,Niwattumrong Boonsongpaisan,800,THA,Thailand,2014,2014,0.1539212181013835,0.6647991755805044,-0.1469957884860511,-0.0387199350050526,,,0
Q210069,Obote,500,UGA,Uganda,1962,1971,0.1539212181013835,0.6647991755805044,-0.1469957884860511,-0.0387199350050526,personal,1.0,5
Q212058,Levy Mwanawasa,551,ZMB,Zambia,2002,2008,0.1539212181013835,0.6647991755805044,-0.1469957884860511,-0.0387199350050526,party-based,0.0,7
Q262589,Gebre Kidan,530,ETH,Ethiopia,1991,1991,0.1539212181013835,0.6647991755805044,-0.1469957884860511,-0.0387199350050526,military-personal,1.0,1
Q298079,Chulanont,800,THA,Thailand,2006,2008,0.1539212181013835,0.6647991755805044,-0.1469957884860511,-0.0387199350050526,military,0.0,1
Q298718,Ahidjo,471,CMR,Cameroon,1960,1982,0.1539212181013835,0.6647991755805044,-0.1469957884860511,-0.0387199350050526,party-personal,1.0,22
Q313424,Smith,552,ZWE,Zimbabwe,1965,1979,0.1539212181013835,0.6647991755805044,-0.1469957884860511,-0.0387199350050526,,,0
Q365971,Chamoun,660,LBN,Lebanon,1952,1958,0.1539212181013835,0.6647991755805044,-0.1469957884860511,-0.0387199350050526,,,0
Q424377,Afrifa,452,GHA,Ghana,1969,1969,0.1539212181013835,0.6647991755805044,-0.1469957884860511,-0.0387199350050526,military,0.0,1
Q439990,Thanon Kittakachorn,800,THA,Thailand,1963,1973,0.1539212181013835,0.6647991755805044,-0.1469957884860511,-0.0387199350050526,military-personal,1.0,11
Q485702,Panyarachun,800,THA,Thailand,1991,1992,0.1539212181013835,0.6647991755805044,-0.1469957884860511,-0.0387199350050526,military,0.0,1
Q51002,Rawlings,452,GHA,Ghana,1981,2001,0.1539212181013835,0.6647991755805044,-0.1469957884860511,-0.0387199350050526,personal,1.0,19
Q529433,Chanweerakul,800,THA,Thailand,2008,2008,0.1539212181013835,0.6647991755805044,-0.1469957884860511,-0.0387199350050526,,,0
Q879302,"Margai,M",451,SLE,Sierra Leone,1961,1964,0.1539212181013835,0.6647991755805044,-0.1469957884860511,-0.0387199350050526,,,0
Q975621,Sarit,800,THA,Thailand,1958,1963,0.1539212181013835,0.6647991755805044,-0.1469957884860511,-0.0387199350050526,military-personal,1.0,6
Q317659,Nygaardsvold,385,NOR,Norway,1945,1945,0.1070422995486879,0.6291267671384765,1.296728602517312,0.1136240493408832,,,0
Q123037,Mohammad Mossadeg,630,IRN,Iran,1951,1953,-0.011012455646635,0.6779866506864787,-0.1354708470439171,0.1682399312142551,monarchy,0.0,3
Q153509,Makarios,352,CYP,Cyprus,1960,1974,-0.011012455646635,0.6779866506864787,-0.1354708470439171,0.1682399312142551,,,0
Q156806,Karamanlis,350,GRC,Greece,1955,1958,-0.011012455646635,0.6779866506864787,-0.1354708470439171,0.1682399312142551,,,0
Q207942,Abacha,475,NGA,Nigeria,1993,1998,-0.011012455646635,0.6779866506864787,-0.1354708470439171,0.1682399312142551,military-personal,1.0,6
Q208355,Chissano,541,MOZ,Mozambique,1986,2005,-0.011012455646635,0.6779866506864787,-0.1354708470439171,0.1682399312142551,party-based,0.0,20
Q219918,Machel,541,MOZ,Mozambique,1975,1986,-0.011012455646635,0.6779866506864787,-0.1354708470439171,0.1682399312142551,party-based,0.0,11
Q223419,Roxas,840,PHL,Philippines,1946,1948,-0.011012455646635,0.6779866506864787,-0.1354708470439171,0.1682399312142551,,,0
Q314691,Boudiaf,615,DZA,Algeria,1992,1992,-0.011012455646635,0.6779866506864787,-0.1354708470439171,0.1682399312142551,party-military,0.0,1
Q319939,Garcia,840,PHL,Philippines,1957,1961,-0.011012455646635,0.6779866506864787,-0.1354708470439171,0.1682399312142551,,,0
Q327414,Bitat,615,DZA,Algeria,1978,1979,-0.011012455646635,0.6779866506864787,-0.1354708470439171,0.1682399312142551,party-military,0.0,2
Q333415,Babangida,475,NGA,Nigeria,1985,1993,-0.011012455646635,0.6779866506864787,-0.1354708470439171,0.1682399312142551,military,0.0,9
Q335684,Balewa,475,NGA,Nigeria,1960,1966,-0.011012455646635,0.6779866506864787,-0.1354708470439171,0.1682399312142551,,,0
Q354695,Gowon,475,NGA,Nigeria,1966,1975,-0.011012455646635,0.6779866506864787,-0.1354708470439171,0.1682399312142551,military,0.0,9
Q379827,Prem,800,THA,Thailand,1980,1988,-0.011012455646635,0.6779866506864787,-0.1354708470439171,0.1682399312142551,military-personal,1.0,9
Q455692,Rojas Pinillia,100,COL,Colombia,1953,1957,-0.011012455646635,0.6779866506864787,-0.1354708470439171,0.1682399312142551,military-personal,1.0,5
Q65917,Wilhelm Pieck,265,DEU,Germany,1946,1950,-0.011012455646635,0.6779866506864787,-0.1354708470439171,0.1682399312142551,party-based,0.0,1
Q342600,Do Muoi,816,VNM,Vietnam,1991,1997,-0.0113642627379713,0.6688934253565065,0.0278558682150636,0.4179836051697041,party-based,0.0,7
Q165292,Raul Castro,40,CUB,Cuba,2008,2015,-0.0160309429022749,0.7510900825115012,-0.1589404542628094,-0.3072556194697267,party-personal,1.0,3
Q314812,Jean-Claude Duvalier,41,HTI,Haiti,1971,1986,-0.0160309429022749,0.7510900825115012,-0.1589404542628094,-0.3072556194697267,personal,1.0,16
Q157197,Osman Daar,520,SOM,Somalia,1960,1967,-0.0234606285268624,0.6250151721541835,1.3458190210036638,0.5180926507479283,,,0
Q297957,Maumoon Abdul Gayoom,781,UNK,COW-781,1978,2008,-0.0241103542819508,0.7195848470663014,-0.1236207976410338,-0.4075601203618155,,,0
Q361581,Mwinyi,510,TZA,Tanzania,1985,1995,-0.0241103542819508,0.7195848470663014,-0.1236207976410338,-0.4075601203618155,party-based,0.0,11
Q104392,Naguib,651,EGY,Egypt,1952,1954,-0.038354623357747,0.6656775611043666,-0.1333216932470892,0.4343024549825549,party-personal-military,1.0,3
Q124993,Galtieri,160,ARG,Argentina,1981,1982,-0.038354623357747,0.6656775611043666,-0.1333216932470892,0.4343024549825549,military,0.0,2
Q127442,Chernenko,365,RUS,Russia,1984,1985,-0.038354623357747,0.6656775611043666,-0.1333216932470892,0.4343024549825549,party-based,0.0,2
Q155554,Marc Ravalomanana,580,MDG,Madagascar,2002,2009,-0.038354623357747,0.6656775611043666,-0.1333216932470892,0.4343024549825549,,,0
Q206048,Kasavubu,490,COD,Congo-Kinshasa,1960,1965,-0.038354623357747,0.6656775611043666,-0.1333216932470892,0.4343024549825549,personal,1.0,5
Q2566177,Pereda Asbun,145,BOL,Bolivia,1978,1978,-0.038354623357747,0.6656775611043666,-0.1333216932470892,0.4343024549825549,military-personal,1.0,1
Q269039,Banzer Suarez,145,BOL,Bolivia,1971,1978,-0.038354623357747,0.6656775611043666,-0.1333216932470892,0.4343024549825549,military-personal,1.0,8
Q312046,Papagos,350,GRC,Greece,1952,1955,-0.038354623357747,0.6656775611043666,-0.1333216932470892,0.4343024549825549,,,0
Q359536,Strijdom,560,ZAF,South Africa,1954,1958,-0.038354623357747,0.6656775611043666,-0.1333216932470892,0.4343024549825549,oligarchy,0.0,5
Q369988,Nazimuddin,770,PAK,Pakistan,1951,1953,-0.038354623357747,0.6656775611043666,-0.1333216932470892,0.4343024549825549,oligarchy,0.0,3
Q116718,Ugarteche,135,PER,Peru,1956,1962,-0.048971375007396,0.7167093999290475,-0.2542892814836335,-0.3981954817452386,military-personal,1.0,1
Q12002,Lleras Camargo,100,COL,Colombia,1958,1962,-0.048971375007396,0.7167093999290475,-0.2542892814836335,-0.3981954817452386,military-personal,1.0,1
Q134068,Sharif,770,PAK,Pakistan,1990,1993,-0.048971375007396,0.7167093999290475,-0.2542892814836335,-0.3981954817452386,,,0
Q151813,deKlerk,560,ZAF,South Africa,1989,1994,-0.048971375007396,0.7167093999290475,-0.2542892814836335,-0.3981954817452386,oligarchy,0.0,6
Q1538702,Rajapakse,780,LKA,Sri Lanka,2005,2015,-0.048971375007396,0.7167093999290475,-0.2542892814836335,-0.3981954817452386,,,0
Q234814,Khaleda Zia,771,BGD,Bangladesh,2001,2006,-0.048971375007396,0.7167093999290475,-0.2542892814836335,-0.3981954817452386,,,0
Q2607,Honecker,265,DEU,Germany,1971,1989,-0.048971375007396,0.7167093999290475,-0.2542892814836335,-0.3981954817452386,party-based,0.0,19
Q312185,Gierek,290,POL,Poland,1970,1980,-0.048971375007396,0.7167093999290475,-0.2542892814836335,-0.3981954817452386,party-based,0.0,11
Q317107,Muluzi,553,MWI,Malawi,1994,2004,-0.048971375007396,0.7167093999290475,-0.2542892814836335,-0.3981954817452386,personal,1.0,1
Q359490,"Margai, A",451,SLE,Sierra Leone,1964,1967,-0.048971375007396,0.7167093999290475,-0.2542892814836335,-0.3981954817452386,,,0
Q363392,Aoun,660,LBN,Lebanon,1988,1989,-0.048971375007396,0.7167093999290475,-0.2542892814836335,-0.3981954817452386,,,0
Q379725,Lissouba,484,COG,Congo-Brazzaville,1992,1997,-0.048971375007396,0.7167093999290475,-0.2542892814836335,-0.3981954817452386,,,0
Q43944,Hamid Karzai,700,AFG,Afghanistan,2001,2014,-0.048971375007396,0.7167093999290475,-0.2542892814836335,-0.3981954817452386,party-based,0.0,2
Q454025,Ngouabi,484,COG,Congo-Brazzaville,1969,1977,-0.048971375007396,0.7167093999290475,-0.2542892814836335,-0.3981954817452386,party-military,0.0,9
Q472323,Premadasa,780,LKA,Sri Lanka,1989,1993,-0.048971375007396,0.7167093999290475,-0.2542892814836335,-0.3981954817452386,party-based,0.0,5
Q489893,Akayev,703,KGZ,Kyrgyzstan,1990,2005,-0.048971375007396,0.7167093999290475,-0.2542892814836335,-0.3981954817452386,personal,1.0,14
Q540192,Vargas,100,COL,Colombia,1986,1990,-0.048971375007396,0.7167093999290475,-0.2542892814836335,-0.3981954817452386,,,0
Q57272,Biya,471,CMR,Cameroon,1982,2015,-0.048971375007396,0.7167093999290475,-0.2542892814836335,-0.3981954817452386,personal,1.0,29
Q57416,Joseph Kabila,490,COD,Congo-Kinshasa,2001,2015,-0.048971375007396,0.7167093999290475,-0.2542892814836335,-0.3981954817452386,personal,1.0,10
Q57418,Nguesso,484,COG,Congo-Brazzaville,1997,2015,-0.048971375007396,0.7167093999290475,-0.2542892814836335,-0.3981954817452386,personal,1.0,13
Q57452,Francois Bozize,482,CAF,Central African Republic,2003,2013,-0.048971375007396,0.7167093999290475,-0.2542892814836335,-0.3981954817452386,personal,1.0,7
Q57670,Yingluck Shinawatra,800,THA,Thailand,2011,2014,-0.048971375007396,0.7167093999290475,-0.2542892814836335,-0.3981954817452386,,,0
Q701841,Choonhavan,800,THA,Thailand,1988,1991,-0.048971375007396,0.7167093999290475,-0.2542892814836335,-0.3981954817452386,military-personal,1.0,1
Q708300,Theotokis,350,GRC,Greece,1950,1950,-0.048971375007396,0.7167093999290475,-0.2542892814836335,-0.3981954817452386,,,0
Q728833,Pastrana Borrero,100,COL,Colombia,1970,1974,-0.048971375007396,0.7167093999290475,-0.2542892814836335,-0.3981954817452386,,,0
Q2196351,Boun Oum,812,LAO,Laos,1960,1962,-0.1385340524661253,0.7325010071858536,0.0256944700849428,-0.317980030690242,personal,1.0,3
Q434419,Minh,817,VNM,Vietnam,1963,1964,-0.1385340524661253,0.7325010071858536,0.0256944700849428,-0.317980030690242,military,0.0,2
Q15029,Hu Jintao,710,CHN,China,2003,2012,-0.153341532033695,0.6726855939208862,-0.1259976270441043,0.5890978826389436,party-based,0.0,8
Q216943,Arbenz Guzman,90,GTM,Guatemala,1951,1954,-0.153341532033695,0.6726855939208862,-0.1259976270441043,0.5890978826389436,,,0
Q311431,Velasco Alvarado,135,PER,Peru,1968,1975,-0.153341532033695,0.6726855939208862,-0.1259976270441043,0.5890978826389436,military,0.0,7
Q336242,Maga,434,BEN,Benin,1960,1963,-0.153341532033695,0.6726855939208862,-0.1259976270441043,0.5890978826389436,personal,1.0,3
Q40495,Musharraf,770,PAK,Pakistan,1999,2008,-0.153341532033695,0.6726855939208862,-0.1259976270441043,0.5890978826389436,military-personal,1.0,9
Q468224,Castillo Armas,90,GTM,Guatemala,1954,1957,-0.153341532033695,0.6726855939208862,-0.1259976270441043,0.5890978826389436,personal,1.0,3
Q470492,Manigat,41,HTI,Haiti,1988,1988,-0.153341532033695,0.6726855939208862,-0.1259976270441043,0.5890978826389436,military,0.0,1
Q111149753,Yar'Adua,475,NGA,Nigeria,2007,2010,-0.1682462835022542,0.7292213268064103,-0.1263443969262914,-0.307224101469176,,,0
Q11270,Batista,40,CUB,Cuba,1952,1959,-0.1682462835022542,0.7292213268064103,-0.1263443969262914,-0.307224101469176,personal,1.0,7
Q1231345,Paul Kagame,517,RWA,Rwanda,1994,2015,-0.1682462835022542,0.7292213268064103,-0.1263443969262914,-0.307224101469176,party-military,0.0,17
Q156833,Alia,339,ALB,Albania,1985,1992,-0.1682462835022542,0.7292213268064103,-0.1263443969262914,-0.307224101469176,party-based,0.0,7
Q212286,Botha,560,ZAF,South Africa,1978,1989,-0.1682462835022542,0.7292213268064103,-0.1263443969262914,-0.307224101469176,oligarchy,0.0,12
Q2665236,Ahmed,771,BGD,Bangladesh,1990,1991,-0.1682462835022542,0.7292213268064103,-0.1263443969262914,-0.307224101469176,personal,1.0,1
Q284443,Chaudhri M. Ali,770,PAK,Pakistan,1955,1956,-0.1682462835022542,0.7292213268064103,-0.1263443969262914,-0.307224101469176,oligarchy,0.0,2
Q2877627,U Ba Swe,775,MMR,Myanmar,1956,1957,-0.1682462835022542,0.7292213268064103,-0.1263443969262914,-0.307224101469176,,,0
Q294618,Doe,450,LBR,Liberia,1980,1990,-0.1682462835022542,0.7292213268064103,-0.1263443969262914,-0.307224101469176,personal,1.0,11
Q314263,Siniora,660,LBN,Lebanon,2007,2008,-0.1682462835022542,0.7292213268064103,-0.1263443969262914,-0.307224101469176,,,0
Q314776,Ishaq Khan,770,PAK,Pakistan,1988,1988,-0.1682462835022542,0.7292213268064103,-0.1263443969262914,-0.307224101469176,military-personal,1.0,1
Q315633,Salinas,70,MEX,Mexico,1988,1994,-0.1682462835022542,0.7292213268064103,-0.1263443969262914,-0.307224101469176,party-based,0.0,7
Q31734536,Mohammad Habibur Rahman,771,BGD,Bangladesh,1996,1996,-0.1682462835022542,0.7292213268064103,-0.1263443969262914,-0.307224101469176,,,0
Q323218,Boniface Alexandre,41,HTI,Haiti,2004,2006,-0.1682462835022542,0.7292213268064103,-0.1263443969262914,-0.307224101469176,personal,1.0,1
Q333981,Yahya Khan,770,PAK,Pakistan,1969,1971,-0.1682462835022542,0.7292213268064103,-0.1263443969262914,-0.307224101469176,military-personal,1.0,3
Q336297,Kabbah,451,SLE,Sierra Leone,1998,2007,-0.1682462835022542,0.7292213268064103,-0.1263443969262914,-0.307224101469176,personal,1.0,1
Q381018,Calderon Sol,92,SLV,El Salvador,1994,1999,-0.1682462835022542,0.7292213268064103,-0.1263443969262914,-0.307224101469176,indirect military,0.0,1
Q529391,Hussein Bin Onn,820,MYS,Malaysia,1976,1981,-0.1682462835022542,0.7292213268064103,-0.1263443969262914,-0.307224101469176,party-based,0.0,6
Q586850,Maung Maung,775,MMR,Myanmar,1988,1988,-0.1682462835022542,0.7292213268064103,-0.1263443969262914,-0.307224101469176,military-personal,1.0,1
Q599988,Roch Marc Christian Kabore,439,BFA,Burkina Faso,2015,2015,-0.1682462835022542,0.7292213268064103,-0.1263443969262914,-0.307224101469176,,,0
Q732636,Bonifacio Ondo Edu,411,GIN,Guinea,1963,1968,-0.1682462835022542,0.7292213268064103,-0.1263443969262914,-0.307224101469176,,,0
Q887418,Hoyte,110,GUY,Guyana,1985,1992,-0.1682462835022542,0.7292213268064103,-0.1263443969262914,-0.307224101469176,,,0
Q888792,Koroma,451,SLE,Sierra Leone,1997,1998,-0.1682462835022542,0.7292213268064103,-0.1263443969262914,-0.307224101469176,personal,1.0,1
Q15850,Oleksandr Turchynov,369,UKR,Ukraine,2014,2014,-0.18504447266752,0.6630738279464578,2.7251532141525923,-0.3441294645114505,,,0
Q16054880,Yanukovych,369,UKR,Ukraine,2010,2014,-0.18504447266752,0.6630738279464578,2.7251532141525923,-0.3441294645114505,,,0
Q629702,Kuchma,369,UKR,Ukraine,1994,2005,-0.18504447266752,0.6630738279464578,2.7251532141525923,-0.3441294645114505,,,0
Q305669,Bonfoh,461,TGO,Togo,2005,2005,-0.4071046539242262,0.7140128084482993,1.4745145762396323,-0.2843458033270957,personal,1.0,1
Q308215,Shermarke,520,SOM,Somalia,1967,1969,-0.4071046539242262,0.7140128084482993,1.4745145762396323,-0.2843458033270957,,,0
Q311798,Nimeiri,625,SDN,Sudan,1971,1985,-0.4071046539242262,0.7140128084482993,1.4745145762396323,-0.2843458033270957,personal,1.0,15
Q319153,Hassan Sheikh Mohamud,520,SOM,Somalia,2012,2015,-0.4071046539242262,0.7140128084482993,1.4745145762396323,-0.2843458033270957,,,0
Q319216,Abboud,625,SDN,Sudan,1958,1964,-0.4071046539242262,0.7140128084482993,1.4745145762396323,-0.2843458033270957,military,0.0,6
Q387953,Sadiq al-Mahdi,625,SDN,Sudan,1986,1989,-0.4071046539242262,0.7140128084482993,1.4745145762396323,-0.2843458033270957,military,0.0,1
Q4414,Faure Gnassingbe,461,TGO,Togo,2005,2015,-0.4071046539242262,0.7140128084482993,1.4745145762396323,-0.2843458033270957,personal,1.0,6
Q561303,Grunitzky,461,TGO,Togo,1963,1967,-0.4071046539242262,0.7140128084482993,1.4745145762396323,-0.2843458033270957,personal,1.0,5
Q664052,Buhl,390,DNK,Denmark,1945,1945,-0.4071046539242262,0.7140128084482993,1.4745145762396323,-0.2843458033270957,,,0
Q168751,Mengistu,530,ETH,Ethiopia,1977,1991,-0.5242814927684394,0.8186791560495003,-0.1233079446818816,-0.2270019068688052,military-personal,1.0,15
Q1371619,Pirlog,359,MDA,Moldova,2009,2009,-0.6204282483414223,0.7970663142352831,0.0176851893560147,-0.2405799917134622,,,0
Q1736960,Katay Don Sasorith,812,LAO,Laos,1954,1956,-0.6204282483414223,0.7970663142352831,0.0176851893560147,-0.2405799917134622,,,0
Q1990673,Nikola Kljusev,343,MKD,North Macedonia,1991,1992,-0.6204282483414223,0.7970663142352831,0.0176851893560147,-0.2405799917134622,,,0
Q2300705,Somsanith,812,LAO,Laos,1960,1960,-0.6204282483414223,0.7970663142352831,0.0176851893560147,-0.2405799917134622,personal,1.0,1
Q313707,Van Thieu,817,VNM,Vietnam,1965,1975,-0.6204282483414223,0.7970663142352831,0.0176851893560147,-0.2405799917134622,military,0.0,11
Q320156,Mkapa,510,TZA,Tanzania,1995,2005,-0.6204282483414223,0.7970663142352831,0.0176851893560147,-0.2405799917134622,party-based,0.0,11
Q401076,Abdallah,581,UNK,COW-581,1975,1975,-0.6204282483414223,0.7970663142352831,0.0176851893560147,-0.2405799917134622,,,0
Q5018756,John Magufuli,510,TZA,Tanzania,2015,2015,-0.6204282483414223,0.7970663142352831,0.0176851893560147,-0.2405799917134622,,,0
Q504362,Khanh,817,VNM,Vietnam,1964,1964,-0.6204282483414223,0.7970663142352831,0.0176851893560147,-0.2405799917134622,military,0.0,1
Q545539,Truong Chinh,816,VNM,Vietnam,1986,1986,-0.6204282483414223,0.7970663142352831,0.0176851893560147,-0.2405799917134622,party-based,0.0,1
Q558802,Nasir,781,UNK,COW-781,1957,1978,-0.6204282483414223,0.7970663142352831,0.0176851893560147,-0.2405799917134622,,,0
Q57488,Kikwete,510,TZA,Tanzania,2005,2015,-0.6204282483414223,0.7970663142352831,0.0176851893560147,-0.2405799917134622,party-based,0.0,6
Q6434680,Kouprasith,812,LAO,Laos,1964,1964,-0.6204282483414223,0.7970663142352831,0.0176851893560147,-0.2405799917134622,,,0
Q100280563,Traore,432,MLI,Mali,1968,1991,-0.6462252606403461,0.7937454976614846,-0.1009250686529831,-0.2339120161537076,personal,1.0,24
Q107431,Pires,402,CPV,Cape Verde,1975,1991,-0.6462252606403461,0.7937454976614846,-0.1009250686529831,-0.2339120161537076,,,0
Q1077326,Heunis,560,ZAF,South Africa,1989,1989,-0.6462252606403461,0.7937454976614846,-0.1009250686529831,-0.2339120161537076,oligarchy,0.0,1
Q10874521,Xi Jinping,710,CHN,China,2012,2015,-0.6462252606403461,0.7937454976614846,-0.1009250686529831,-0.2339120161537076,,,0
Q1091523,Ahmadinejad,630,IRN,Iran,2005,2013,-0.6462252606403461,0.7937454976614846,-0.1009250686529831,-0.2339120161537076,,0.0,6
Q117096,Magsaysay,840,PHL,Philippines,1953,1957,-0.6462252606403461,0.7937454976614846,-0.1009250686529831,-0.2339120161537076,,,0
Q118272,Elias Hrawi,660,LBN,Lebanon,1989,1998,-0.6462252606403461,0.7937454976614846,-0.1009250686529831,-0.2339120161537076,,,0
Q12149,Thein Sein,775,MMR,Myanmar,2011,2015,-0.6462252606403461,0.7937454976614846,-0.1009250686529831,-0.2339120161537076,,,0
Q1258656,Voulgaris,350,GRC,Greece,1945,1945,-0.6462252606403461,0.7937454976614846,-0.1009250686529831,-0.2339120161537076,,,0
Q1317228,Mohammad Hashim Maiwandwal,700,AFG,Afghanistan,1965,1967,-0.6462252606403461,0.7937454976614846,-0.1009250686529831,-0.2339120161537076,monarchy,0.0,3
Q1347953,Jonathan,570,LSO,Lesotho,1966,1986,-0.6462252606403461,0.7937454976614846,-0.1009250686529831,-0.2339120161537076,party-based,0.0,16
Q13550478,Nouri Abusahmain,620,LBY,Libya,2013,2014,-0.6462252606403461,0.7937454976614846,-0.1009250686529831,-0.2339120161537076,,,0
Q1371474,Tsirimokos,350,GRC,Greece,1965,1965,-0.6462252606403461,0.7937454976614846,-0.1009250686529831,-0.2339120161537076,,,0
Q1371543,Pipinelis,350,GRC,Greece,1963,1963,-0.6462252606403461,0.7937454976614846,-0.1009250686529831,-0.2339120161537076,,,0
Q1374014,Senilagakali,950,FJI,Fiji,2006,2007,-0.6462252606403461,0.7937454976614846,-0.1009250686529831,-0.2339120161537076,,,0
Q1392087,Poulitsas,350,GRC,Greece,1946,1946,-0.6462252606403461,0.7937454976614846,-0.1009250686529831,-0.2339120161537076,,,0
Q1397698,Mohammad Musa Shafiq,700,AFG,Afghanistan,1972,1973,-0.6462252606403461,0.7937454976614846,-0.1009250686529831,-0.2339120161537076,monarchy,0.0,2
Q1397999,Lekhanya,570,LSO,Lesotho,1986,1991,-0.6462252606403461,0.7937454976614846,-0.1009250686529831,-0.2339120161537076,military,0.0,6
Q1490067,Hector Caraccioli,91,HND,Honduras,1956,1957,-0.6462252606403461,0.7937454976614846,-0.1009250686529831,-0.2339120161537076,party-personal,1.0,1
Q152369,Mebazaa,616,TUN,Tunisia,2011,2011,-0.6462252606403461,0.7937454976614846,-0.1009250686529831,-0.2339120161537076,,,0
Q1561693,Khan Noon,770,PAK,Pakistan,1957,1958,-0.6462252606403461,0.7937454976614846,-0.1009250686529831,-0.2339120161537076,oligarchy,0.0,2
Q15633683,Catherine Samba-Panza,482,CAF,Central African Republic,2014,2015,-0.6462252606403461,0.7937454976614846,-0.1009250686529831,-0.2339120161537076,,,0
Q156505,Papadopoulos,350,GRC,Greece,1967,1973,-0.6462252606403461,0.7937454976614846,-0.1009250686529831,-0.2339120161537076,military,0.0,6
Q165672,Iajuddin,771,BGD,Bangladesh,2006,2007,-0.6462252606403461,0.7937454976614846,-0.1009250686529831,-0.2339120161537076,,,0
Q179242,Laurent Gbagbo,437,CIV,Ivory Coast,2000,2011,-0.6462252606403461,0.7937454976614846,-0.1009250686529831,-0.2339120161537076,personal,1.0,11
Q181606,Mavromichalis,350,GRC,Greece,1963,1963,-0.6462252606403461,0.7937454976614846,-0.1009250686529831,-0.2339120161537076,,,0
Q18352991,Edgar Lungu,551,ZMB,Zambia,2015,2015,-0.6462252606403461,0.7937454976614846,-0.1009250686529831,-0.2339120161537076,,,0
Q188667,Burhanuddin Rabbani,700,AFG,Afghanistan,1992,1996,-0.6462252606403461,0.7937454976614846,-0.1009250686529831,-0.2339120161537076,party-personal,1.0,1
Q188974,Aramburu,160,ARG,Argentina,1955,1958,-0.6462252606403461,0.7937454976614846,-0.1009250686529831,-0.2339120161537076,military,0.0,4
Q192361,Ranieri Mazzilli,140,BRA,Brazil,1961,1961,-0.6462252606403461,0.7937454976614846,-0.1009250686529831,-0.2339120161537076,,,0
Q2097052,Bavadra,950,FJI,Fiji,1987,1987,-0.6462252606403461,0.7937454976614846,-0.1009250686529831,-0.2339120161537076,,,0
Q2602,Krenz,265,DEU,Germany,1989,1989,-0.6462252606403461,0.7937454976614846,-0.1009250686529831,-0.2339120161537076,party-based,0.0,1
Q262346,Abubakar,475,NGA,Nigeria,1998,1999,-0.6462252606403461,0.7937454976614846,-0.1009250686529831,-0.2339120161537076,military-personal,1.0,2
Q2628548,Lokendra Bahadur Chand,790,NPL,Nepal,2002,2003,-0.6462252606403461,0.7937454976614846,-0.1009250686529831,-0.2339120161537076,monarchy,0.0,1
Q2679301,Ben Khedda,615,DZA,Algeria,1962,1962,-0.6462252606403461,0.7937454976614846,-0.1009250686529831,-0.2339120161537076,,,0
Q269572,Coimbra da Luz,140,BRA,Brazil,1955,1955,-0.6462252606403461,0.7937454976614846,-0.1009250686529831,-0.2339120161537076,,,0
Q270645,Rose Francine Rogombe,481,GAB,Gabon,2009,2009,-0.6462252606403461,0.7937454976614846,-0.1009250686529831,-0.2339120161537076,party-personal,1.0,1
Q2821422,Razak,820,MYS,Malaysia,1970,1976,-0.6462252606403461,0.7937454976614846,-0.1009250686529831,-0.2339120161537076,party-based,0.0,7
Q282359,Micombero,516,BDI,Burundi,1966,1976,-0.6462252606403461,0.7937454976614846,-0.1009250686529831,-0.2339120161537076,party-military,0.0,11
Q2828958,Iskandrov,702,TJK,Tajikistan,1992,1992,-0.6462252606403461,0.7937454976614846,-0.1009250686529831,-0.2339120161537076,personal,1.0,1
Q286130,Henrique Pereira Rosa,404,GNB,Guinea-Bissau,2003,2005,-0.6462252606403461,0.7937454976614846,-0.1009250686529831,-0.2339120161537076,personal,1.0,1
Q293385,Mejia Victores,90,GTM,Guatemala,1983,1986,-0.6462252606403461,0.7937454976614846,-0.1009250686529831,-0.2339120161537076,military,0.0,4
Q293391,Mendoza Azurdia,90,GTM,Guatemala,1957,1957,-0.6462252606403461,0.7937454976614846,-0.1009250686529831,-0.2339120161537076,personal,1.0,1
Q294241,Geisel,140,BRA,Brazil,1974,1979,-0.6462252606403461,0.7937454976614846,-0.1009250686529831,-0.2339120161537076,military,0.0,6
Q296691,de La Madrid,70,MEX,Mexico,1982,1988,-0.6462252606403461,0.7937454976614846,-0.1009250686529831,-0.2339120161537076,party-based,0.0,7
Q297000,Verwoerd,560,ZAF,South Africa,1958,1966,-0.6462252606403461,0.7937454976614846,-0.1009250686529831,-0.2339120161537076,oligarchy,0.0,9
Q297667,Gouled Aptidon,522,DJI,Djibouti,1977,1999,-0.6462252606403461,0.7937454976614846,-0.1009250686529831,-0.2339120161537076,,,0
Q298430,Bignone,160,ARG,Argentina,1982,1983,-0.6462252606403461,0.7937454976614846,-0.1009250686529831,-0.2339120161537076,military,0.0,2
Q299442,Micheletti,91,HND,Honduras,2009,2010,-0.6462252606403461,0.7937454976614846,-0.1009250686529831,-0.2339120161537076,,,0
Q307494,Salem Aref,645,IRQ,Iraq,1963,1966,-0.6462252606403461,0.7937454976614846,-0.1009250686529831,-0.2339120161537076,personal,1.0,4
Q3075634,Mamadu Ture Kuruma,404,GNB,Guinea-Bissau,2012,2012,-0.6462252606403461,0.7937454976614846,-0.1009250686529831,-0.2339120161537076,,,0
Q310860,Dacko,482,CAF,Central African Republic,1960,1966,-0.6462252606403461,0.7937454976614846,-0.1009250686529831,-0.2339120161537076,personal,1.0,6
Q310870,Caetano,235,PRT,Portugal,1968,1974,-0.6462252606403461,0.7937454976614846,-0.1009250686529831,-0.2339120161537076,personal,1.0,7
Q311596,Fatos Nano,339,ALB,Albania,2002,2005,-0.6462252606403461,0.7937454976614846,-0.1009250686529831,-0.2339120161537076,,,0
Q312026,Bidault,220,FRA,France,1946,1946,-0.6462252606403461,0.7937454976614846,-0.1009250686529831,-0.2339120161537076,,,0
Q312539,Macapagal,840,PHL,Philippines,1961,1965,-0.6462252606403461,0.7937454976614846,-0.1009250686529831,-0.2339120161537076,,,0
Q31280,Damaskinos,350,GRC,Greece,1945,1945,-0.6462252606403461,0.7937454976614846,-0.1009250686529831,-0.2339120161537076,,,0
Q313816,Iyad Allawi,645,IRQ,Iraq,2004,2005,-0.6462252606403461,0.7937454976614846,-0.1009250686529831,-0.2339120161537076,,,0
Q313903,Vorster,560,ZAF,South Africa,1966,1978,-0.6462252606403461,0.7937454976614846,-0.1009250686529831,-0.2339120161537076,oligarchy,0.0,13
Q313996,Viola,160,ARG,Argentina,1981,1981,-0.6462252606403461,0.7937454976614846,-0.1009250686529831,-0.2339120161537076,military,0.0,1
Q314271,Dadis Camara,438,GIN,Guinea,2008,2009,-0.6462252606403461,0.7937454976614846,-0.1009250686529831,-0.2339120161537076,personal,1.0,2
Q314355,Diori,436,NER,Niger,1960,1974,-0.6462252606403461,0.7937454976614846,-0.1009250686529831,-0.2339120161537076,party-based,0.0,14
Q314538,Raimundo Pereira,404,GNB,Guinea-Bissau,2012,2012,-0.6462252606403461,0.7937454976614846,-0.1009250686529831,-0.2339120161537076,,,0
Q314688,Benjedid,615,DZA,Algeria,1979,1992,-0.6462252606403461,0.7937454976614846,-0.1009250686529831,-0.2339120161537076,party-military,0.0,14
Q316317,Ratu Josefa Iloilo,950,FJI,Fiji,2000,2000,-0.6462252606403461,0.7937454976614846,-0.1009250686529831,-0.2339120161537076,,,0
Q316384,U Nu,775,MMR,Myanmar,1948,1956,-0.6462252606403461,0.7937454976614846,-0.1009250686529831,-0.2339120161537076,,,0
Q317624,Soomro,770,PAK,Pakistan,2008,2008,-0.6462252606403461,0.7937454976614846,-0.1009250686529831,-0.2339120161537076,military-personal,1.0,1
Q317743,Abdallah Yakta,700,AFG,Afghanistan,1967,1967,-0.6462252606403461,0.7937454976614846,-0.1009250686529831,-0.2339120161537076,monarchy,0.0,1
Q318479,Muzorewa,552,ZWE,Zimbabwe,1979,1979,-0.6462252606403461,0.7937454976614846,-0.1009250686529831,-0.2339120161537076,,,0
Q3187589,Bosch,42,DOM,Dominican Republic,1963,1963,-0.6462252606403461,0.7937454976614846,-0.1009250686529831,-0.2339120161537076,,,0
Q323086,Sompare,438,GIN,Guinea,2008,2008,-0.6462252606403461,0.7937454976614846,-0.1009250686529831,-0.2339120161537076,personal,1.0,1
Q327127,Zeroual,615,DZA,Algeria,1994,1999,-0.6462252606403461,0.7937454976614846,-0.1009250686529831,-0.2339120161537076,military,0.0,6
Q327920,Ruiz Cortines,70,MEX,Mexico,1952,1958,-0.6462252606403461,0.7937454976614846,-0.1009250686529831,-0.2339120161537076,party-based,0.0,7
Q3306306,Urriolagoitia,145,BOL,Bolivia,1949,1951,-0.6462252606403461,0.7937454976614846,-0.1009250686529831,-0.2339120161537076,oligarchy,0.0,3
Q34105,Mubarak,651,EGY,Egypt,1981,2011,-0.6462252606403461,0.7937454976614846,-0.1009250686529831,-0.2339120161537076,party-personal-military,1.0,30
Q345385,Ould Daddah,435,MRT,Mauritania,1960,1978,-0.6462252606403461,0.7937454976614846,-0.1009250686529831,-0.2339120161537076,personal,1.0,18
Q346658,Frondizi,160,ARG,Argentina,1958,1962,-0.6462252606403461,0.7937454976614846,-0.1009250686529831,-0.2339120161537076,indirect military,0.0,5
Q349261,Lastiri,160,ARG,Argentina,1973,1973,-0.6462252606403461,0.7937454976614846,-0.1009250686529831,-0.2339120161537076,military,0.0,1
Q356728,Ankrah,452,GHA,Ghana,1966,1969,-0.6462252606403461,0.7937454976614846,-0.1009250686529831,-0.2339120161537076,military,0.0,4
Q358332,Ndayizeye,516,BDI,Burundi,2003,2005,-0.6462252606403461,0.7937454976614846,-0.1009250686529831,-0.2339120161537076,military-personal,1.0,1
Q360792,Ghannouchi,616,TUN,Tunisia,2011,2011,-0.6462252606403461,0.7937454976614846,-0.1009250686529831,-0.2339120161537076,,,0
Q365387,Ramanantsoa,580,MDG,Madagascar,1972,1975,-0.6462252606403461,0.7937454976614846,-0.1009250686529831,-0.2339120161537076,military,0.0,4
Q365431,Lonardi,160,ARG,Argentina,1955,1955,-0.6462252606403461,0.7937454976614846,-0.1009250686529831,-0.2339120161537076,personal,1.0,1
Q372679,Amadou Sanogo,432,MLI,Mali,2012,2012,-0.6462252606403461,0.7937454976614846,-0.1009250686529831,-0.2339120161537076,,,0
Q372780,Dioncounda Traore,432,MLI,Mali,2012,2013,-0.6462252606403461,0.7937454976614846,-0.1009250686529831,-0.2339120161537076,,,0
Q380398,Swart,560,ZAF,South Africa,1958,1958,-0.6462252606403461,0.7937454976614846,-0.1009250686529831,-0.2339120161537076,oligarchy,0.0,1
Q380916,Buyoya,516,BDI,Burundi,1996,2003,-0.6462252606403461,0.7937454976614846,-0.1009250686529831,-0.2339120161537076,military-personal,1.0,7
Q380980,Levingston,160,ARG,Argentina,1970,1971,-0.6462252606403461,0.7937454976614846,-0.1009250686529831,-0.2339120161537076,military,0.0,2
Q381214,Majko,339,ALB,Albania,1998,1999,-0.6462252606403461,0.7937454976614846,-0.1009250686529831,-0.2339120161537076,,,0
Q382423,Cedras,41,HTI,Haiti,1991,1994,-0.6462252606403461,0.7937454976614846,-0.1009250686529831,-0.2339120161537076,military,0.0,3
Q434552,Mancheno,130,ECU,Ecuador,1947,1947,-0.6462252606403461,0.7937454976614846,-0.1009250686529831,-0.2339120161537076,personal,1.0,1
Q434746,Arosemena Gomez,130,ECU,Ecuador,1966,1968,-0.6462252606403461,0.7937454976614846,-0.1009250686529831,-0.2339120161537076,military,0.0,1
Q436484,Molina Urena,42,DOM,Dominican Republic,1965,1965,-0.6462252606403461,0.7937454976614846,-0.1009250686529831,-0.2339120161537076,military,0.0,1
Q438852,Ahomadegbe,434,BEN,Benin,1972,1972,-0.6462252606403461,0.7937454976614846,-0.1009250686529831,-0.2339120161537076,,,0
Q440837,Rodriguez Pedotti,150,PRY,Paraguay,1989,1993,-0.6462252606403461,0.7937454976614846,-0.1009250686529831,-0.2339120161537076,party-personal-military,1.0,5
Q449445,Plastiras,350,GRC,Greece,1951,1952,-0.6462252606403461,0.7937454976614846,-0.1009250686529831,-0.2339120161537076,,,0
Q451521,Ould Mohamed Vall,435,MRT,Mauritania,2005,2007,-0.6462252606403461,0.7937454976614846,-0.1009250686529831,-0.2339120161537076,military,0.0,3
Q452024,Yusuf Lule,500,UGA,Uganda,1979,1979,-0.6462252606403461,0.7937454976614846,-0.1009250686529831,-0.2339120161537076,personal,1.0,1
Q461668,Ruth Perry,450,LBR,Liberia,1996,1997,-0.6462252606403461,0.7937454976614846,-0.1009250686529831,-0.2339120161537076,,,0
Q461823,Tommy Ray Franks,645,IRQ,Iraq,2003,2003,-0.6462252606403461,0.7937454976614846,-0.1009250686529831,-0.2339120161537076,personal,1.0,1
Q4631,Morsi,651,EGY,Egypt,2012,2013,-0.6462252606403461,0.7937454976614846,-0.1009250686529831,-0.2339120161537076,,,0
Q464301,Leekpai,800,THA,Thailand,1992,1995,-0.6462252606403461,0.7937454976614846,-0.1009250686529831,-0.2339120161537076,military,0.0,1
Q466098,Lidia Gueiler Tejada,145,BOL,Bolivia,1979,1980,-0.6462252606403461,0.7937454976614846,-0.1009250686529831,-0.2339120161537076,military-personal,1.0,1
Q4665763,Abdul Zahir,700,AFG,Afghanistan,1971,1972,-0.6462252606403461,0.7937454976614846,-0.1009250686529831,-0.2339120161537076,monarchy,0.0,2
Q469415,Ho Chong,732,KOR,South Korea,1960,1960,-0.6462252606403461,0.7937454976614846,-0.1009250686529831,-0.2339120161537076,personal,1.0,1
Q469661,Jayewardene,780,LKA,Sri Lanka,1977,1989,-0.6462252606403461,0.7937454976614846,-0.1009250686529831,-0.2339120161537076,party-based,0.0,11
Q470500,Namphy,41,HTI,Haiti,1986,1988,-0.6462252606403461,0.7937454976614846,-0.1009250686529831,-0.2339120161537076,military,0.0,3
Q470687,Kolisevski,345,SRB,Yugoslavia/Serbia,1980,1980,-0.6462252606403461,0.7937454976614846,-0.1009250686529831,-0.2339120161537076,party-based,0.0,1
Q470903,Sher Bahadur Deuba,790,NPL,Nepal,1995,1997,-0.6462252606403461,0.7937454976614846,-0.1009250686529831,-0.2339120161537076,,,0
Q471351,Shonekan,475,NGA,Nigeria,1993,1993,-0.6462252606403461,0.7937454976614846,-0.1009250686529831,-0.2339120161537076,military,0.0,1
Q472593,Acheampong,452,GHA,Ghana,1972,1978,-0.6462252606403461,0.7937454976614846,-0.1009250686529831,-0.2339120161537076,military,0.0,6
Q473214,Laisenia Qarase,950,FJI,Fiji,2000,2006,-0.6462252606403461,0.7937454976614846,-0.1009250686529831,-0.2339120161537076,,,0
Q483128,Chang Do Yong,732,KOR,South Korea,1961,1961,-0.6462252606403461,0.7937454976614846,-0.1009250686529831,-0.2339120161537076,,,0
Q485136,Otunbayeva,703,KGZ,Kyrgyzstan,2010,2011,-0.6462252606403461,0.7937454976614846,-0.1009250686529831,-0.2339120161537076,personal,1.0,1
Q497412,Paulo Muwanga,500,UGA,Uganda,1980,1980,-0.6462252606403461,0.7937454976614846,-0.1009250686529831,-0.2339120161537076,,,0
Q50997,Limann,452,GHA,Ghana,1979,1981,-0.6462252606403461,0.7937454976614846,-0.1009250686529831,-0.2339120161537076,military,0.0,1
Q515657,Stevens,451,SLE,Sierra Leone,1968,1985,-0.6462252606403461,0.7937454976614846,-0.1009250686529831,-0.2339120161537076,party-based,0.0,18
Q529272,Lamizana,439,BFA,Burkina Faso,1974,1980,-0.6462252606403461,0.7937454976614846,-0.1009250686529831,-0.2339120161537076,personal,1.0,7
Q540230,Lleras Restropo,100,COL,Colombia,1966,1970,-0.6462252606403461,0.7937454976614846,-0.1009250686529831,-0.2339120161537076,,,0
Q5448556,Filipe Nyusi,541,MOZ,Mozambique,2015,2015,-0.6462252606403461,0.7937454976614846,-0.1009250686529831,-0.2339120161537076,,,0
Q545740,Ochab,290,POL,Poland,1956,1956,-0.6462252606403461,0.7937454976614846,-0.1009250686529831,-0.2339120161537076,party-based,0.0,1
Q548636,Oueddei,483,TCD,Chad,1979,1982,-0.6462252606403461,0.7937454976614846,-0.1009250686529831,-0.2339120161537076,military,0.0,1
Q558515,Nabiyev,702,TJK,Tajikistan,1991,1992,-0.6462252606403461,0.7937454976614846,-0.1009250686529831,-0.2339120161537076,personal,1.0,1
Q558706,Batmonh,712,MNG,Mongolia,1984,1990,-0.6462252606403461,0.7937454976614846,-0.1009250686529831,-0.2339120161537076,party-based,0.0,7
Q561542,Moses Zeh Blah,450,LBR,Liberia,2003,2003,-0.6462252606403461,0.7937454976614846,-0.1009250686529831,-0.2339120161537076,personal,1.0,1
Q5639013,al-Abadi,645,IRQ,Iraq,2014,2015,-0.6462252606403461,0.7937454976614846,-0.1009250686529831,-0.2339120161537076,,,0
Q57315,Salva Kiir,626,SSD,South Sudan,2011,2015,-0.6462252606403461,0.7937454976614846,-0.1009250686529831,-0.2339120161537076,,,0
Q57363,Rajoelina,580,MDG,Madagascar,2009,2014,-0.6462252606403461,0.7937454976614846,-0.1009250686529831,-0.2339120161537076,personal,1.0,1
Q57390,Guelleh,522,DJI,Djibouti,1999,2015,-0.6462252606403461,0.7937454976614846,-0.1009250686529831,-0.2339120161537076,,,0
Q57392,Guebuza,541,MOZ,Mozambique,2005,2015,-0.6462252606403461,0.7937454976614846,-0.1009250686529831,-0.2339120161537076,party-based,0.0,6
Q57424,Manuel Serifo Nhamadjo,404,GNB,Guinea-Bissau,2012,2014,-0.6462252606403461,0.7937454976614846,-0.1009250686529831,-0.2339120161537076,,,0
Q57512,Martelly,41,HTI,Haiti,2011,2014,-0.6462252606403461,0.7937454976614846,-0.1009250686529831,-0.2339120161537076,,,0
Q57521,Ali Bongo Ondimba,481,GAB,Gabon,2009,2015,-0.6462252606403461,0.7937454976614846,-0.1009250686529831,-0.2339120161537076,party-personal,1.0,2
Q57625,Berisha,339,ALB,Albania,1992,1997,-0.6462252606403461,0.7937454976614846,-0.1009250686529831,-0.2339120161537076,,,0
Q57673,al-Maliki,645,IRQ,Iraq,2006,2014,-0.6462252606403461,0.7937454976614846,-0.1009250686529831,-0.2339120161537076,,,0
Q57675,Najib Tun Razak,820,MYS,Malaysia,2009,2015,-0.6462252606403461,0.7937454976614846,-0.1009250686529831,-0.2339120161537076,party-based,0.0,2
Q57697,Samuel Hinds,110,GUY,Guyana,1997,1997,-0.6462252606403461,0.7937454976614846,-0.1009250686529831,-0.2339120161537076,,,0
Q57830,Bainimarama,950,FJI,Fiji,2000,2000,-0.6462252606403461,0.7937454976614846,-0.1009250686529831,-0.2339120161537076,,,0
Q589978,Diomidis,350,GRC,Greece,1949,1950,-0.6462252606403461,0.7937454976614846,-0.1009250686529831,-0.2339120161537076,,,0
Q5974590,Leon Herrera,94,CRI,Costa Rica,1948,1948,-0.6462252606403461,0.7937454976614846,-0.1009250686529831,-0.2339120161537076,,,0
Q59981,Kuwatli,652,SYR,Syria,1955,1958,-0.6462252606403461,0.7937454976614846,-0.1009250686529831,-0.2339120161537076,personal,1.0,1
Q605467,Kebreau,41,HTI,Haiti,1957,1957,-0.6462252606403461,0.7937454976614846,-0.1009250686529831,-0.2339120161537076,,,0
Q613051,Kocharian,371,ARM,Armenia,1998,2008,-0.6462252606403461,0.7937454976614846,-0.1009250686529831,-0.2339120161537076,personal,1.0,11
Q627261,Ntare,516,BDI,Burundi,1966,1966,-0.6462252606403461,0.7937454976614846,-0.1009250686529831,-0.2339120161537076,monarchy,0.0,1
Q628530,Frutos,150,PRY,Paraguay,1948,1948,-0.6462252606403461,0.7937454976614846,-0.1009250686529831,-0.2339120161537076,personal,1.0,1
Q63827,Karmal,700,AFG,Afghanistan,1979,1986,-0.6462252606403461,0.7937454976614846,-0.1009250686529831,-0.2339120161537076,party-personal,1.0,8
Q659147,Mohammed Ali Salim,620,LBY,Libya,2012,2012,-0.6462252606403461,0.7937454976614846,-0.1009250686529831,-0.2339120161537076,,,0
Q6784197,Park Choong Hoon,732,KOR,South Korea,1980,1980,-0.6462252606403461,0.7937454976614846,-0.1009250686529831,-0.2339120161537076,military,0.0,1
Q69612964,Tsedenbal,712,MNG,Mongolia,1952,1984,-0.6462252606403461,0.7937454976614846,-0.1009250686529831,-0.2339120161537076,party-based,0.0,33
Q707178,Magloire,41,HTI,Haiti,1950,1956,-0.6462252606403461,0.7937454976614846,-0.1009250686529831,-0.2339120161537076,personal,1.0,6
Q707209,Kiousopoulos,350,GRC,Greece,1952,1952,-0.6462252606403461,0.7937454976614846,-0.1009250686529831,-0.2339120161537076,,,0
Q714042,Seni Pramoj,800,THA,Thailand,1975,1975,-0.6462252606403461,0.7937454976614846,-0.1009250686529831,-0.2339120161537076,,,0
Q715042,Correia Seabra,404,GNB,Guinea-Bissau,2003,2003,-0.6462252606403461,0.7937454976614846,-0.1009250686529831,-0.2339120161537076,personal,1.0,1
Q718230,Sekouba Konate,438,GIN,Guinea,2009,2010,-0.6462252606403461,0.7937454976614846,-0.1009250686529831,-0.2339120161537076,personal,1.0,2
Q718234,Akuffo,452,GHA,Ghana,1978,1979,-0.6462252606403461,0.7937454976614846,-0.1009250686529831,-0.2339120161537076,military,0.0,2
Q718245,Beavogui,438,GIN,Guinea,1984,1984,-0.6462252606403461,0.7937454976614846,-0.1009250686529831,-0.2339120161537076,party-based,0.0,1
Q718247,Arosemena Monroy,130,ECU,Ecuador,1961,1963,-0.6462252606403461,0.7937454976614846,-0.1009250686529831,-0.2339120161537076,,,0
Q728490,Rodriguez Lara,130,ECU,Ecuador,1972,1976,-0.6462252606403461,0.7937454976614846,-0.1009250686529831,-0.2339120161537076,military,0.0,5
Q728887,Georgakopoulos,350,GRC,Greece,1958,1958,-0.6462252606403461,0.7937454976614846,-0.1009250686529831,-0.2339120161537076,,,0
Q735519,Louis Beel,850,IDN,Indonesia,1948,1949,-0.6462252606403461,0.7937454976614846,-0.1009250686529831,-0.2339120161537076,,,0
Q74861,Thanin Kraivichien,800,THA,Thailand,1976,1977,-0.6462252606403461,0.7937454976614846,-0.1009250686529831,-0.2339120161537076,military-personal,1.0,1
Q81144,Mladenov,355,BGR,Bulgaria,1989,1990,-0.6462252606403461,0.7937454976614846,-0.1009250686529831,-0.2339120161537076,party-based,0.0,2
Q878859,Gilles Andriamahazo,580,MDG,Madagascar,1975,1975,-0.6462252606403461,0.7937454976614846,-0.1009250686529831,-0.2339120161537076,military,0.0,1
Q879116,Peralta Azurdia,90,GTM,Guatemala,1963,1966,-0.6462252606403461,0.7937454976614846,-0.1009250686529831,-0.2339120161537076,military,0.0,4
Q879311,Mendez Montenegro,90,GTM,Guatemala,1966,1970,-0.6462252606403461,0.7937454976614846,-0.1009250686529831,-0.2339120161537076,indirect military,0.0,5
Q880056,Castro,91,HND,Honduras,1975,1978,-0.6462252606403461,0.7937454976614846,-0.1009250686529831,-0.2339120161537076,military,0.0,4
Q880335,Paz Garcia,91,HND,Honduras,1978,1982,-0.6462252606403461,0.7937454976614846,-0.1009250686529831,-0.2339120161537076,military,0.0,4
Q880729,Guizado,95,PAN,Panama,1955,1955,-0.6462252606403461,0.7937454976614846,-0.1009250686529831,-0.2339120161537076,personal,1.0,1
Q881015,Gonzalez Lopez,90,GTM,Guatemala,1957,1957,-0.6462252606403461,0.7937454976614846,-0.1009250686529831,-0.2339120161537076,personal,1.0,1
Q881211,Paul-Emile de Souza,434,BEN,Benin,1969,1970,-0.6462252606403461,0.7937454976614846,-0.1009250686529831,-0.2339120161537076,military,0.0,2
Q886490,Natusch Busch,145,BOL,Bolivia,1979,1979,-0.6462252606403461,0.7937454976614846,-0.1009250686529831,-0.2339120161537076,military-personal,1.0,1
Q887011,Laugerud Garcia,90,GTM,Guatemala,1974,1978,-0.6462252606403461,0.7937454976614846,-0.1009250686529831,-0.2339120161537076,military,0.0,5
Q887063,Plaza Lasso,130,ECU,Ecuador,1948,1952,-0.6462252606403461,0.7937454976614846,-0.1009250686529831,-0.2339120161537076,,,0
Q887328,Castaneda Castro,92,SLV,El Salvador,1945,1948,-0.6462252606403461,0.7937454976614846,-0.1009250686529831,-0.2339120161537076,military,0.0,3
Q887586,Rodolfo Cordon,92,SLV,El Salvador,1962,1962,-0.6462252606403461,0.7937454976614846,-0.1009250686529831,-0.2339120161537076,party-military,0.0,1
Q887593,Filiberto Bonnelly,42,DOM,Dominican Republic,1962,1963,-0.6462252606403461,0.7937454976614846,-0.1009250686529831,-0.2339120161537076,personal,1.0,1
Q887617,Cerezo,90,GTM,Guatemala,1986,1991,-0.6462252606403461,0.7937454976614846,-0.1009250686529831,-0.2339120161537076,indirect military,0.0,6
Q887685,Arana Osorio,90,GTM,Guatemala,1970,1974,-0.6462252606403461,0.7937454976614846,-0.1009250686529831,-0.2339120161537076,military,0.0,5
Q887693,Sanchez Hernandez,92,SLV,El Salvador,1967,1972,-0.6462252606403461,0.7937454976614846,-0.1009250686529831,-0.2339120161537076,party-military,0.0,6
Q888147,Delgado Chalbaud,101,VEN,Venezuela,1948,1950,-0.6462252606403461,0.7937454976614846,-0.1009250686529831,-0.2339120161537076,military-personal,1.0,2
Q888255,Molas Lopez,150,PRY,Paraguay,1949,1949,-0.6462252606403461,0.7937454976614846,-0.1009250686529831,-0.2339120161537076,party-based,0.0,1
Q888400,Kouandete,434,BEN,Benin,1969,1969,-0.6462252606403461,0.7937454976614846,-0.1009250686529831,-0.2339120161537076,military,0.0,1
Q888596,Congacou,434,BEN,Benin,1965,1965,-0.6462252606403461,0.7937454976614846,-0.1009250686529831,-0.2339120161537076,personal,1.0,1
Q888703,Guerrero Gutierrez,93,NIC,Nicaragua,1966,1967,-0.6462252606403461,0.7937454976614846,-0.1009250686529831,-0.2339120161537076,personal,1.0,2
Q888818,Fignole,41,HTI,Haiti,1957,1957,-0.6462252606403461,0.7937454976614846,-0.1009250686529831,-0.2339120161537076,,,0
Q888828,Sankawulo,450,LBR,Liberia,1995,1996,-0.6462252606403461,0.7937454976614846,-0.1009250686529831,-0.2339120161537076,,,0
Q888967,Sindikubwabo,517,RWA,Rwanda,1994,1994,-0.6462252606403461,0.7937454976614846,-0.1009250686529831,-0.2339120161537076,military-personal,1.0,1
Q959588,Kukrot Pramoj,800,THA,Thailand,1975,1976,-0.6462252606403461,0.7937454976614846,-0.1009250686529831,-0.2339120161537076,,,0
Q959614,Kraprayoon,800,THA,Thailand,1992,1992,-0.6462252606403461,0.7937454976614846,-0.1009250686529831,-0.2339120161537076,military,0.0,1
Q974619,Sanya,800,THA,Thailand,1973,1975,-0.6462252606403461,0.7937454976614846,-0.1009250686529831,-0.2339120161537076,military-personal,1.0,1
Q981549,Rabuka,950,FJI,Fiji,1987,1987,-0.6462252606403461,0.7937454976614846,-0.1009250686529831,-0.2339120161537076,,,0
Q982280,Khalid,770,PAK,Pakistan,1996,1997,-0.6462252606403461,0.7937454976614846,-0.1009250686529831,-0.2339120161537076,,,0
Q982335,Pote Sarasin,800,THA,Thailand,1957,1957,-0.6462252606403461,0.7937454976614846,-0.1009250686529831,-0.2339120161537076,military-personal,1.0,1
Q983444,Surya Bahadur Thapa,790,NPL,Nepal,2003,2004,-0.6462252606403461,0.7937454976614846,-0.1009250686529831,-0.2339120161537076,monarchy,0.0,2
